PRAGMA foreign_keys=OFF;
BEGIN TRANSACTION;
CREATE TABLE IF NOT EXISTS "django_migrations" ("id" integer NOT NULL PRIMARY KEY AUTOINCREMENT, "app" varchar(255) NOT NULL, "name" varchar(255) NOT NULL, "applied" datetime NOT NULL);
INSERT INTO django_migrations VALUES(1,'contenttypes','0001_initial','2022-09-21 06:57:08.929586');
INSERT INTO django_migrations VALUES(2,'auth','0001_initial','2022-09-21 06:57:09.221418');
INSERT INTO django_migrations VALUES(3,'admin','0001_initial','2022-09-21 06:57:09.499120');
INSERT INTO django_migrations VALUES(4,'admin','0002_logentry_remove_auto_add','2022-09-21 06:57:09.617754');
INSERT INTO django_migrations VALUES(5,'admin','0003_logentry_add_action_flag_choices','2022-09-21 06:57:09.762435');
INSERT INTO django_migrations VALUES(6,'contenttypes','0002_remove_content_type_name','2022-09-21 06:57:09.902571');
INSERT INTO django_migrations VALUES(7,'auth','0002_alter_permission_name_max_length','2022-09-21 06:57:10.030139');
INSERT INTO django_migrations VALUES(8,'auth','0003_alter_user_email_max_length','2022-09-21 06:57:10.151136');
INSERT INTO django_migrations VALUES(9,'auth','0004_alter_user_username_opts','2022-09-21 06:57:10.298524');
INSERT INTO django_migrations VALUES(10,'auth','0005_alter_user_last_login_null','2022-09-21 06:57:10.412181');
INSERT INTO django_migrations VALUES(11,'auth','0006_require_contenttypes_0002','2022-09-21 06:57:10.500867');
INSERT INTO django_migrations VALUES(12,'auth','0007_alter_validators_add_error_messages','2022-09-21 06:57:10.606813');
INSERT INTO django_migrations VALUES(13,'auth','0008_alter_user_username_max_length','2022-09-21 06:57:10.756483');
INSERT INTO django_migrations VALUES(14,'auth','0009_alter_user_last_name_max_length','2022-09-21 06:57:10.867232');
INSERT INTO django_migrations VALUES(15,'auth','0010_alter_group_name_max_length','2022-09-21 06:57:11.020533');
INSERT INTO django_migrations VALUES(16,'auth','0011_update_proxy_permissions','2022-09-21 06:57:11.138607');
INSERT INTO django_migrations VALUES(17,'auth','0012_alter_user_first_name_max_length','2022-09-21 06:57:11.256458');
INSERT INTO django_migrations VALUES(18,'sessions','0001_initial','2022-09-21 06:57:11.501725');
INSERT INTO django_migrations VALUES(19,'monitores','0001_initial','2022-09-24 20:01:17.897674');
INSERT INTO django_migrations VALUES(20,'monitores','0002_remove_monitor_img_url_monitor_img','2022-09-24 21:32:27.166960');
INSERT INTO django_migrations VALUES(21,'monitores','0003_grupo','2022-09-24 22:34:58.501659');
INSERT INTO django_migrations VALUES(22,'monitores','0004_alter_monitor_img','2022-09-26 21:12:06.202948');
INSERT INTO django_migrations VALUES(23,'galeria','0001_initial','2022-09-27 17:12:02.548767');
INSERT INTO django_migrations VALUES(24,'inicio','0001_initial','2022-09-27 17:12:02.575242');
INSERT INTO django_migrations VALUES(25,'monitores','0004_remove_grupo_monis_monitor_grupos_alter_monitor_img','2022-10-02 18:08:08.678343');
INSERT INTO django_migrations VALUES(26,'galeria','0002_post_postimage_remove_monitor_grupos_delete_grupo_and_more','2022-10-03 08:09:07.164617');
INSERT INTO django_migrations VALUES(27,'galeria','0003_remove_post_image','2022-10-03 08:11:03.547610');
INSERT INTO django_migrations VALUES(28,'galeria','0004_image_remove_postimage_post_delete_post_and_more','2022-10-03 08:22:34.783884');
INSERT INTO django_migrations VALUES(29,'galeria','0005_remove_image_route_image_image_path','2022-10-03 08:27:02.389869');
INSERT INTO django_migrations VALUES(30,'galeria','0006_remove_image_image_path_image_image_and_more','2022-10-03 09:54:50.467593');
INSERT INTO django_migrations VALUES(31,'galeria','0007_actividad_año_grupo_imagen_delete_image_año_grupos_and_more','2022-10-03 14:30:18.925357');
INSERT INTO django_migrations VALUES(32,'galeria','0008_rename_imagenes_imagen_img_alter_año_nombre_and_more','2022-10-03 14:45:20.460995');
INSERT INTO django_migrations VALUES(33,'galeria','0009_alter_imagen_img','2022-10-03 15:02:06.604461');
INSERT INTO django_migrations VALUES(34,'galeria','0010_alter_imagen_img','2022-10-03 15:03:49.488030');
INSERT INTO django_migrations VALUES(35,'galeria','0011_remove_imagen_img_imagen_image','2022-10-03 15:20:57.978238');
INSERT INTO django_migrations VALUES(36,'galeria','0012_alter_imagen_image','2022-10-03 15:22:05.599906');
INSERT INTO django_migrations VALUES(37,'galeria','0013_rename_image_imagen_img','2022-10-03 15:24:24.580955');
INSERT INTO django_migrations VALUES(38,'galeria','0014_alter_actividad_dia','2022-10-03 16:42:45.326091');
INSERT INTO django_migrations VALUES(39,'galeria','0015_remove_actividad_grupos_grupo_actividades','2022-10-03 18:29:12.420000');
INSERT INTO django_migrations VALUES(40,'galeria','0016_imagen_path_alter_imagen_img','2022-10-03 20:48:48.520942');
INSERT INTO django_migrations VALUES(41,'galeria','0017_alter_imagen_img','2022-10-04 16:53:09.401805');
INSERT INTO django_migrations VALUES(42,'galeria','0018_remove_actividad_fotos_remove_grupo_actividades_and_more','2022-10-04 17:18:37.999181');
INSERT INTO django_migrations VALUES(43,'galeria','0019_actividad_año','2022-10-04 17:21:44.181566');
INSERT INTO django_migrations VALUES(44,'galeria','0020_remove_actividad_año_remove_año_grupos_grupo_año','2022-10-04 18:34:14.112186');
INSERT INTO django_migrations VALUES(45,'galeria','0021_rename_activiad_imagen_actividad','2022-10-04 18:48:25.593698');
INSERT INTO django_migrations VALUES(46,'galeria','0022_rename_año_year_rename_año_grupo_year','2022-10-18 09:59:11.752706');
INSERT INTO django_migrations VALUES(47,'monitores','0005_remove_grupo_description_remove_grupo_edad_max_and_more','2022-10-18 09:59:11.908503');
INSERT INTO django_migrations VALUES(48,'documentos','0001_initial','2022-12-13 09:18:12.472959');
INSERT INTO django_migrations VALUES(49,'documentos','0002_documento_documento','2022-12-13 09:18:12.543725');
INSERT INTO django_migrations VALUES(50,'documentos','0003_alter_documento_documento_alter_documento_fecha','2022-12-13 09:18:12.640299');
CREATE TABLE IF NOT EXISTS "auth_group_permissions" ("id" integer NOT NULL PRIMARY KEY AUTOINCREMENT, "group_id" integer NOT NULL REFERENCES "auth_group" ("id") DEFERRABLE INITIALLY DEFERRED, "permission_id" integer NOT NULL REFERENCES "auth_permission" ("id") DEFERRABLE INITIALLY DEFERRED);
INSERT INTO auth_group_permissions VALUES(1,6,61);
CREATE TABLE IF NOT EXISTS "auth_user_groups" ("id" integer NOT NULL PRIMARY KEY AUTOINCREMENT, "user_id" integer NOT NULL REFERENCES "auth_user" ("id") DEFERRABLE INITIALLY DEFERRED, "group_id" integer NOT NULL REFERENCES "auth_group" ("id") DEFERRABLE INITIALLY DEFERRED);
INSERT INTO auth_user_groups VALUES(1,1,6);
INSERT INTO auth_user_groups VALUES(2,1,1);
INSERT INTO auth_user_groups VALUES(3,1,2);
INSERT INTO auth_user_groups VALUES(4,1,3);
INSERT INTO auth_user_groups VALUES(5,1,4);
INSERT INTO auth_user_groups VALUES(6,1,5);
CREATE TABLE IF NOT EXISTS "auth_user_user_permissions" ("id" integer NOT NULL PRIMARY KEY AUTOINCREMENT, "user_id" integer NOT NULL REFERENCES "auth_user" ("id") DEFERRABLE INITIALLY DEFERRED, "permission_id" integer NOT NULL REFERENCES "auth_permission" ("id") DEFERRABLE INITIALLY DEFERRED);
CREATE TABLE IF NOT EXISTS "django_admin_log" ("id" integer NOT NULL PRIMARY KEY AUTOINCREMENT, "object_id" text NULL, "object_repr" varchar(200) NOT NULL, "action_flag" smallint unsigned NOT NULL CHECK ("action_flag" >= 0), "change_message" text NOT NULL, "content_type_id" integer NULL REFERENCES "django_content_type" ("id") DEFERRABLE INITIALLY DEFERRED, "user_id" integer NOT NULL REFERENCES "auth_user" ("id") DEFERRABLE INITIALLY DEFERRED, "action_time" datetime NOT NULL);
INSERT INTO django_admin_log VALUES(1,'1','jambo',1,'[{"added": {}}]',3,1,'2022-09-21 07:29:31.778025');
INSERT INTO django_admin_log VALUES(2,'2','yambo-peques',1,'[{"added": {}}]',3,1,'2022-09-21 07:29:49.408552');
INSERT INTO django_admin_log VALUES(3,'3','yambo-medianos',1,'[{"added": {}}]',3,1,'2022-09-21 07:30:09.335645');
INSERT INTO django_admin_log VALUES(4,'4','yambo-mayores',1,'[{"added": {}}]',3,1,'2022-09-21 07:30:25.362212');
INSERT INTO django_admin_log VALUES(5,'1','SAMU',1,'[{"added": {}}]',7,1,'2022-09-24 22:09:26.051677');
INSERT INTO django_admin_log VALUES(6,'1','Peques',1,'[{"added": {}}]',8,1,'2022-09-24 22:39:05.047671');
INSERT INTO django_admin_log VALUES(7,'1','SAMU',2,'[]',7,1,'2022-09-24 23:31:10.113324');
INSERT INTO django_admin_log VALUES(8,'2','MJA',1,'[{"added": {}}]',7,1,'2022-09-24 23:33:12.062012');
INSERT INTO django_admin_log VALUES(9,'5','padre',1,'[{"added": {}}]',3,1,'2022-09-25 00:37:38.564392');
INSERT INTO django_admin_log VALUES(10,'5','padre',2,'[]',3,1,'2022-09-25 00:37:42.705897');
INSERT INTO django_admin_log VALUES(11,'1','Peques',2,'[{"changed": {"fields": ["Monis"]}}]',8,1,'2022-09-25 08:02:23.346785');
INSERT INTO django_admin_log VALUES(12,'1','Peques',2,'[{"changed": {"fields": ["Monis"]}}]',8,1,'2022-09-25 08:05:08.341058');
INSERT INTO django_admin_log VALUES(15,'2','mayores',1,'[{"added": {}}]',8,1,'2022-10-02 18:10:54.997691');
INSERT INTO django_admin_log VALUES(16,'2','MJA',2,'[{"changed": {"fields": ["Grupos"]}}]',7,1,'2022-10-02 18:11:01.379706');
INSERT INTO django_admin_log VALUES(17,'1','SAMU',2,'[{"changed": {"fields": ["Grupos"]}}]',7,1,'2022-10-02 18:11:11.470544');
INSERT INTO django_admin_log VALUES(18,'1','peques',2,'[{"changed": {"fields": ["Nombre"]}}]',8,1,'2022-10-02 18:11:21.520954');
INSERT INTO django_admin_log VALUES(19,'3','medianos',1,'[{"added": {}}]',8,1,'2022-10-02 18:11:39.987882');
INSERT INTO django_admin_log VALUES(20,'3','PAULA',1,'[{"added": {}}]',7,1,'2022-10-02 18:12:06.350723');
INSERT INTO django_admin_log VALUES(21,'4','IRENE',1,'[{"added": {}}]',7,1,'2022-10-02 18:12:39.756116');
INSERT INTO django_admin_log VALUES(22,'2','MJA',2,'[{"changed": {"fields": ["Img"]}}]',7,1,'2022-10-02 18:13:20.882588');
INSERT INTO django_admin_log VALUES(23,'1','SAMU',2,'[{"changed": {"fields": ["Img"]}}]',7,1,'2022-10-02 18:13:37.000034');
INSERT INTO django_admin_log VALUES(24,'1','Grupo object (1)',1,'[{"added": {}}]',13,1,'2022-10-03 14:41:41.673978');
INSERT INTO django_admin_log VALUES(25,'2','Grupo object (2)',1,'[{"added": {}}]',13,1,'2022-10-03 14:41:47.337498');
INSERT INTO django_admin_log VALUES(26,'3','Grupo object (3)',1,'[{"added": {}}]',13,1,'2022-10-03 14:41:52.480514');
INSERT INTO django_admin_log VALUES(27,'4','Grupo object (4)',1,'[{"added": {}}]',13,1,'2022-10-03 14:41:56.630881');
INSERT INTO django_admin_log VALUES(28,'1','2022-2023',1,'[{"added": {}}]',18,1,'2022-10-03 14:46:39.739683');
INSERT INTO django_admin_log VALUES(29,'1','galeria/samu_w3DCaWO.jpg',1,'[{"added": {}}]',17,1,'2022-10-03 15:06:41.117426');
INSERT INTO django_admin_log VALUES(30,'1','galeria/samu_w3DCaWO.jpg',3,'',17,1,'2022-10-03 15:07:44.402268');
INSERT INTO django_admin_log VALUES(31,'20','/media/galeria/StoreLogo.scale-200_contrast-black_mYeWCJp.png',3,'',17,1,'2022-10-03 16:38:00.503887');
INSERT INTO django_admin_log VALUES(32,'19','/media/galeria/StoreLogo.scale-200_contrast-white_WBZK9j2.png',3,'',17,1,'2022-10-03 16:38:00.643813');
INSERT INTO django_admin_log VALUES(33,'18','/media/galeria/Wide310x150Logo.scale-200_Gc2zGql.png',3,'',17,1,'2022-10-03 16:38:00.709893');
INSERT INTO django_admin_log VALUES(34,'17','/media/galeria/Wide310x150Logo.scale-200_contrast-black_Zo9ePCy.png',3,'',17,1,'2022-10-03 16:38:00.820863');
INSERT INTO django_admin_log VALUES(35,'16','/media/galeria/Wide310x150Logo.scale-200_contrast-white_nFqrgOt.png',3,'',17,1,'2022-10-03 16:38:00.920552');
INSERT INTO django_admin_log VALUES(36,'15','/media/galeria/StoreLogo.scale-200_contrast-black_cWAWCEB.png',3,'',17,1,'2022-10-03 16:38:01.075229');
INSERT INTO django_admin_log VALUES(37,'14','/media/galeria/StoreLogo.scale-200_contrast-white_80ikqAD.png',3,'',17,1,'2022-10-03 16:38:01.531964');
INSERT INTO django_admin_log VALUES(38,'13','/media/galeria/Wide310x150Logo.scale-200_Qrvfh69.png',3,'',17,1,'2022-10-03 16:38:01.961121');
INSERT INTO django_admin_log VALUES(39,'12','/media/galeria/Wide310x150Logo.scale-200_contrast-black_lLirSeG.png',3,'',17,1,'2022-10-03 16:38:02.171220');
INSERT INTO django_admin_log VALUES(40,'11','/media/galeria/Wide310x150Logo.scale-200_contrast-white_vyZSXAd.png',3,'',17,1,'2022-10-03 16:38:02.413751');
INSERT INTO django_admin_log VALUES(41,'10','/media/galeria/StoreLogo.scale-200.png',3,'',17,1,'2022-10-03 16:38:02.824568');
INSERT INTO django_admin_log VALUES(42,'9','/media/galeria/StoreLogo.scale-200_contrast-black.png',3,'',17,1,'2022-10-03 16:38:03.255924');
INSERT INTO django_admin_log VALUES(43,'8','/media/galeria/StoreLogo.scale-200_contrast-white.png',3,'',17,1,'2022-10-03 16:38:03.521900');
INSERT INTO django_admin_log VALUES(44,'7','/media/galeria/Wide310x150Logo.scale-200.png',3,'',17,1,'2022-10-03 16:38:03.743052');
INSERT INTO django_admin_log VALUES(45,'6','/media/galeria/Wide310x150Logo.scale-200_contrast-black.png',3,'',17,1,'2022-10-03 16:38:03.953615');
INSERT INTO django_admin_log VALUES(46,'5','/media/galeria/Wide310x150Logo.scale-200_contrast-white.png',3,'',17,1,'2022-10-03 16:38:04.208149');
INSERT INTO django_admin_log VALUES(47,'4','/media/galeria/irene.jpg',3,'',17,1,'2022-10-03 16:38:04.451743');
INSERT INTO django_admin_log VALUES(48,'3','/media/galeria/jose.jpg',3,'',17,1,'2022-10-03 16:38:04.795104');
INSERT INTO django_admin_log VALUES(49,'2','/media/galeria/paula.jpg',3,'',17,1,'2022-10-03 16:38:05.016474');
INSERT INTO django_admin_log VALUES(50,'1','/media/galeria/samu.jpg',3,'',17,1,'2022-10-03 16:38:05.249256');
INSERT INTO django_admin_log VALUES(51,'1','2021-09-27',3,'',16,1,'2022-10-03 16:46:16.890995');
INSERT INTO django_admin_log VALUES(52,'28','/media/galeria/Square310x310Logo.scale-200_contrast-white.png',3,'',17,1,'2022-10-03 16:46:31.227891');
INSERT INTO django_admin_log VALUES(53,'27','/media/galeria/StoreLogo.scale-200_M5HpOEX.png',3,'',17,1,'2022-10-03 16:46:31.352361');
INSERT INTO django_admin_log VALUES(54,'26','/media/galeria/StoreLogo.scale-200_contrast-black_LyUPXA0.png',3,'',17,1,'2022-10-03 16:46:31.539638');
INSERT INTO django_admin_log VALUES(55,'25','/media/galeria/StoreLogo.scale-200_contrast-black_7xTmXIv.png',3,'',17,1,'2022-10-03 16:46:31.650310');
INSERT INTO django_admin_log VALUES(56,'24','/media/galeria/StoreLogo.scale-200_contrast-white_skBzM5M.png',3,'',17,1,'2022-10-03 16:46:31.761102');
INSERT INTO django_admin_log VALUES(57,'23','/media/galeria/Wide310x150Logo.scale-200_mXToTe2.png',3,'',17,1,'2022-10-03 16:46:31.871560');
INSERT INTO django_admin_log VALUES(58,'22','/media/galeria/Wide310x150Logo.scale-200_contrast-black_XJjx0iA.png',3,'',17,1,'2022-10-03 16:46:31.960409');
INSERT INTO django_admin_log VALUES(59,'21','/media/galeria/Wide310x150Logo.scale-200_contrast-white_mPcDdef.png',3,'',17,1,'2022-10-03 16:46:32.048630');
INSERT INTO django_admin_log VALUES(60,'1','2022-2023',2,'[{"changed": {"fields": ["Grupos"]}}]',18,1,'2022-10-03 17:06:08.029865');
INSERT INTO django_admin_log VALUES(61,'102','2022-10-17',3,'',16,1,'2022-10-04 16:51:08.155678');
INSERT INTO django_admin_log VALUES(62,'101','2022-10-17',3,'',16,1,'2022-10-04 16:51:08.282335');
INSERT INTO django_admin_log VALUES(63,'100','2022-10-17',3,'',16,1,'2022-10-04 16:51:08.359595');
INSERT INTO django_admin_log VALUES(64,'99','2022-10-17',3,'',16,1,'2022-10-04 16:51:08.437126');
INSERT INTO django_admin_log VALUES(65,'98','2022-10-17',3,'',16,1,'2022-10-04 16:51:08.514603');
INSERT INTO django_admin_log VALUES(66,'97','2022-10-17',3,'',16,1,'2022-10-04 16:51:08.592073');
INSERT INTO django_admin_log VALUES(67,'96','2022-10-17',3,'',16,1,'2022-10-04 16:51:08.669406');
INSERT INTO django_admin_log VALUES(68,'95','2022-10-17',3,'',16,1,'2022-10-04 16:51:08.759733');
INSERT INTO django_admin_log VALUES(69,'94','2022-10-17',3,'',16,1,'2022-10-04 16:51:08.848154');
INSERT INTO django_admin_log VALUES(70,'93','2022-10-17',3,'',16,1,'2022-10-04 16:51:08.958969');
INSERT INTO django_admin_log VALUES(71,'92','2022-10-17',3,'',16,1,'2022-10-04 16:51:09.034811');
INSERT INTO django_admin_log VALUES(72,'91','2022-10-17',3,'',16,1,'2022-10-04 16:51:09.112384');
INSERT INTO django_admin_log VALUES(73,'90','2022-10-17',3,'',16,1,'2022-10-04 16:51:09.202595');
INSERT INTO django_admin_log VALUES(74,'89','2022-10-17',3,'',16,1,'2022-10-04 16:51:09.280024');
INSERT INTO django_admin_log VALUES(75,'88','2022-10-17',3,'',16,1,'2022-10-04 16:51:09.368689');
INSERT INTO django_admin_log VALUES(76,'87','2022-10-17',3,'',16,1,'2022-10-04 16:51:09.457254');
INSERT INTO django_admin_log VALUES(77,'86','2022-10-17',3,'',16,1,'2022-10-04 16:51:09.567762');
INSERT INTO django_admin_log VALUES(78,'85','2022-10-17',3,'',16,1,'2022-10-04 16:51:09.645440');
INSERT INTO django_admin_log VALUES(79,'84','2022-10-17',3,'',16,1,'2022-10-04 16:51:09.722872');
INSERT INTO django_admin_log VALUES(80,'83','2022-10-17',3,'',16,1,'2022-10-04 16:51:09.800435');
INSERT INTO django_admin_log VALUES(81,'82','2022-10-17',3,'',16,1,'2022-10-04 16:51:09.889034');
INSERT INTO django_admin_log VALUES(82,'81','2022-10-17',3,'',16,1,'2022-10-04 16:51:09.977444');
INSERT INTO django_admin_log VALUES(83,'80','2022-10-17',3,'',16,1,'2022-10-04 16:51:10.065899');
INSERT INTO django_admin_log VALUES(84,'79','2022-10-17',3,'',16,1,'2022-10-04 16:51:10.154629');
INSERT INTO django_admin_log VALUES(85,'78','2022-10-17',3,'',16,1,'2022-10-04 16:51:10.243097');
INSERT INTO django_admin_log VALUES(86,'77','2022-10-17',3,'',16,1,'2022-10-04 16:51:10.331451');
INSERT INTO django_admin_log VALUES(87,'76','2022-10-17',3,'',16,1,'2022-10-04 16:51:10.442365');
INSERT INTO django_admin_log VALUES(88,'75','2022-10-17',3,'',16,1,'2022-10-04 16:51:10.553239');
INSERT INTO django_admin_log VALUES(89,'74','2022-10-17',3,'',16,1,'2022-10-04 16:51:10.630516');
INSERT INTO django_admin_log VALUES(90,'73','2022-10-17',3,'',16,1,'2022-10-04 16:51:10.708127');
INSERT INTO django_admin_log VALUES(91,'72','2022-10-17',3,'',16,1,'2022-10-04 16:51:10.785700');
INSERT INTO django_admin_log VALUES(92,'71','2022-10-17',3,'',16,1,'2022-10-04 16:51:10.863084');
INSERT INTO django_admin_log VALUES(93,'70','2022-10-17',3,'',16,1,'2022-10-04 16:51:10.940556');
INSERT INTO django_admin_log VALUES(94,'69','2022-10-17',3,'',16,1,'2022-10-04 16:51:11.007003');
INSERT INTO django_admin_log VALUES(95,'68','2022-10-17',3,'',16,1,'2022-10-04 16:51:11.071812');
INSERT INTO django_admin_log VALUES(96,'67','2022-10-17',3,'',16,1,'2022-10-04 16:51:11.138146');
INSERT INTO django_admin_log VALUES(97,'66','2022-10-17',3,'',16,1,'2022-10-04 16:51:11.204732');
INSERT INTO django_admin_log VALUES(98,'65','2022-10-17',3,'',16,1,'2022-10-04 16:51:11.271029');
INSERT INTO django_admin_log VALUES(99,'64','2022-10-17',3,'',16,1,'2022-10-04 16:51:11.337520');
INSERT INTO django_admin_log VALUES(100,'63','2022-10-17',3,'',16,1,'2022-10-04 16:51:11.416683');
INSERT INTO django_admin_log VALUES(101,'62','2022-10-17',3,'',16,1,'2022-10-04 16:51:11.494076');
INSERT INTO django_admin_log VALUES(102,'61','2022-10-17',3,'',16,1,'2022-10-04 16:51:11.571577');
INSERT INTO django_admin_log VALUES(103,'60','2022-10-17',3,'',16,1,'2022-10-04 16:51:11.649033');
INSERT INTO django_admin_log VALUES(104,'59','2022-10-17',3,'',16,1,'2022-10-04 16:51:11.726557');
INSERT INTO django_admin_log VALUES(105,'58','2022-10-17',3,'',16,1,'2022-10-04 16:51:11.936886');
INSERT INTO django_admin_log VALUES(106,'57','2022-10-17',3,'',16,1,'2022-10-04 16:51:12.014299');
INSERT INTO django_admin_log VALUES(107,'56','2022-10-17',3,'',16,1,'2022-10-04 16:51:12.102959');
INSERT INTO django_admin_log VALUES(108,'55','2022-10-17',3,'',16,1,'2022-10-04 16:51:12.180504');
INSERT INTO django_admin_log VALUES(109,'54','2022-10-17',3,'',16,1,'2022-10-04 16:51:12.257859');
INSERT INTO django_admin_log VALUES(110,'53','2022-10-17',3,'',16,1,'2022-10-04 16:51:12.335345');
INSERT INTO django_admin_log VALUES(111,'52','2022-10-17',3,'',16,1,'2022-10-04 16:51:12.423969');
INSERT INTO django_admin_log VALUES(112,'51','2022-10-17',3,'',16,1,'2022-10-04 16:51:12.512615');
INSERT INTO django_admin_log VALUES(113,'50','2022-09-29',3,'',16,1,'2022-10-04 16:51:12.623222');
INSERT INTO django_admin_log VALUES(114,'49','2022-09-29',3,'',16,1,'2022-10-04 16:51:12.711784');
INSERT INTO django_admin_log VALUES(115,'48','2022-09-29',3,'',16,1,'2022-10-04 16:51:12.800456');
INSERT INTO django_admin_log VALUES(116,'47','2022-09-29',3,'',16,1,'2022-10-04 16:51:12.888754');
INSERT INTO django_admin_log VALUES(117,'46','2022-09-29',3,'',16,1,'2022-10-04 16:51:12.977471');
INSERT INTO django_admin_log VALUES(118,'45','2022-09-29',3,'',16,1,'2022-10-04 16:51:13.065972');
INSERT INTO django_admin_log VALUES(119,'44','2022-09-29',3,'',16,1,'2022-10-04 16:51:13.154536');
INSERT INTO django_admin_log VALUES(120,'43','2022-09-29',3,'',16,1,'2022-10-04 16:51:13.243143');
INSERT INTO django_admin_log VALUES(121,'42','2022-09-29',3,'',16,1,'2022-10-04 16:51:13.354603');
INSERT INTO django_admin_log VALUES(122,'41','2022-09-29',3,'',16,1,'2022-10-04 16:51:13.442875');
INSERT INTO django_admin_log VALUES(123,'40','2022-09-29',3,'',16,1,'2022-10-04 16:51:13.586657');
INSERT INTO django_admin_log VALUES(124,'39','2022-09-27',3,'',16,1,'2022-10-04 16:51:13.675376');
INSERT INTO django_admin_log VALUES(125,'38','2022-09-27',3,'',16,1,'2022-10-04 16:51:13.763942');
INSERT INTO django_admin_log VALUES(126,'37','2022-09-27',3,'',16,1,'2022-10-04 16:51:13.852514');
INSERT INTO django_admin_log VALUES(127,'36','2022-10-04',3,'',16,1,'2022-10-04 16:51:13.941112');
INSERT INTO django_admin_log VALUES(128,'35','2022-10-04',3,'',16,1,'2022-10-04 16:51:14.029630');
INSERT INTO django_admin_log VALUES(129,'34','2022-10-04',3,'',16,1,'2022-10-04 16:51:14.118096');
INSERT INTO django_admin_log VALUES(130,'33','2022-10-04',3,'',16,1,'2022-10-04 16:51:14.251008');
INSERT INTO django_admin_log VALUES(131,'32','2022-10-04',3,'',16,1,'2022-10-04 16:51:14.339485');
INSERT INTO django_admin_log VALUES(132,'31','2022-10-04',3,'',16,1,'2022-10-04 16:51:14.428126');
INSERT INTO django_admin_log VALUES(133,'30','2022-10-04',3,'',16,1,'2022-10-04 16:51:14.527761');
INSERT INTO django_admin_log VALUES(134,'29','2022-10-04',3,'',16,1,'2022-10-04 16:51:14.605169');
INSERT INTO django_admin_log VALUES(135,'28','2022-10-04',3,'',16,1,'2022-10-04 16:51:14.704885');
INSERT INTO django_admin_log VALUES(136,'27','2022-10-04',3,'',16,1,'2022-10-04 16:51:14.793442');
INSERT INTO django_admin_log VALUES(137,'26','2022-10-04',3,'',16,1,'2022-10-04 16:51:14.881909');
INSERT INTO django_admin_log VALUES(138,'25','2022-10-12',3,'',16,1,'2022-10-04 16:51:14.970504');
INSERT INTO django_admin_log VALUES(139,'24','2022-10-18',3,'',16,1,'2022-10-04 16:51:15.059057');
INSERT INTO django_admin_log VALUES(140,'23','2022-10-18',3,'',16,1,'2022-10-04 16:51:15.147485');
INSERT INTO django_admin_log VALUES(141,'22','2022-10-18',3,'',16,1,'2022-10-04 16:51:15.236336');
INSERT INTO django_admin_log VALUES(142,'21','2022-10-18',3,'',16,1,'2022-10-04 16:51:15.324537');
INSERT INTO django_admin_log VALUES(143,'20','2022-10-18',3,'',16,1,'2022-10-04 16:51:15.435315');
INSERT INTO django_admin_log VALUES(144,'19','2022-10-18',3,'',16,1,'2022-10-04 16:51:15.546073');
INSERT INTO django_admin_log VALUES(145,'18','2022-10-18',3,'',16,1,'2022-10-04 16:51:15.634759');
INSERT INTO django_admin_log VALUES(146,'17','2022-10-18',3,'',16,1,'2022-10-04 16:51:15.723311');
INSERT INTO django_admin_log VALUES(147,'16','2022-10-18',3,'',16,1,'2022-10-04 16:51:15.811881');
INSERT INTO django_admin_log VALUES(148,'15','2022-10-18',3,'',16,1,'2022-10-04 16:51:15.900524');
INSERT INTO django_admin_log VALUES(149,'14','2022-10-18',3,'',16,1,'2022-10-04 16:51:15.989065');
INSERT INTO django_admin_log VALUES(150,'13','2022-10-18',3,'',16,1,'2022-10-04 16:51:16.077525');
INSERT INTO django_admin_log VALUES(151,'12','2022-10-18',3,'',16,1,'2022-10-04 16:51:16.166091');
INSERT INTO django_admin_log VALUES(152,'11','2022-10-03',3,'',16,1,'2022-10-04 16:51:16.254679');
INSERT INTO django_admin_log VALUES(153,'10','2022-10-03',3,'',16,1,'2022-10-04 16:51:16.343177');
INSERT INTO django_admin_log VALUES(154,'9','2022-10-03',3,'',16,1,'2022-10-04 16:51:16.431861');
INSERT INTO django_admin_log VALUES(155,'8','2022-10-03',3,'',16,1,'2022-10-04 16:51:16.542570');
INSERT INTO django_admin_log VALUES(156,'7','2022-10-03',3,'',16,1,'2022-10-04 16:51:16.631066');
INSERT INTO django_admin_log VALUES(157,'6','2022-10-03',3,'',16,1,'2022-10-04 16:51:16.719534');
INSERT INTO django_admin_log VALUES(158,'5','2022-10-03',3,'',16,1,'2022-10-04 16:51:16.797199');
INSERT INTO django_admin_log VALUES(159,'4','2022-10-03',3,'',16,1,'2022-10-04 16:51:16.874590');
INSERT INTO django_admin_log VALUES(160,'3','2022-10-03',3,'',16,1,'2022-10-04 16:51:16.952086');
INSERT INTO django_admin_log VALUES(161,'2','2022-10-06',3,'',16,1,'2022-10-04 16:51:31.580473');
INSERT INTO django_admin_log VALUES(162,'478','/media/galeria/2022-2023/Jambo/2022-10-17/5.png',3,'',17,1,'2022-10-04 16:51:50.188286');
INSERT INTO django_admin_log VALUES(163,'477','/media/galeria/2022-2023/Jambo/2022-10-17/4.png',3,'',17,1,'2022-10-04 16:51:50.271217');
INSERT INTO django_admin_log VALUES(164,'476','/media/galeria/2022-2023/Jambo/2022-10-17/3.png',3,'',17,1,'2022-10-04 16:51:50.348914');
INSERT INTO django_admin_log VALUES(165,'475','/media/galeria/2022-2023/Jambo/2022-10-17/2.png',3,'',17,1,'2022-10-04 16:51:50.461289');
INSERT INTO django_admin_log VALUES(166,'474','/media/galeria/2022-2023/Jambo/2022-10-17/1.png',3,'',17,1,'2022-10-04 16:51:50.571849');
INSERT INTO django_admin_log VALUES(167,'473','/media/galeria/2022-2023/Jambo/2022-10-17/0.png',3,'',17,1,'2022-10-04 16:51:50.647301');
INSERT INTO django_admin_log VALUES(168,'472','/media/galeria/2022-2023/Medianos/2022-10-17/5.png',3,'',17,1,'2022-10-04 16:51:50.724907');
INSERT INTO django_admin_log VALUES(169,'471','/media/galeria/2022-2023/Medianos/2022-10-17/4.png',3,'',17,1,'2022-10-04 16:51:50.802352');
INSERT INTO django_admin_log VALUES(170,'470','/media/galeria/2022-2023/Medianos/2022-10-17/3.png',3,'',17,1,'2022-10-04 16:51:50.870901');
INSERT INTO django_admin_log VALUES(171,'469','/media/galeria/2022-2023/Medianos/2022-10-17/2.png',3,'',17,1,'2022-10-04 16:51:50.981431');
INSERT INTO django_admin_log VALUES(172,'468','/media/galeria/2022-2023/Medianos/2022-10-17/1.png',3,'',17,1,'2022-10-04 16:51:51.056902');
INSERT INTO django_admin_log VALUES(173,'467','/media/galeria/2022-2023/Medianos/2022-10-17/0.png',3,'',17,1,'2022-10-04 16:51:51.136373');
INSERT INTO django_admin_log VALUES(174,'466','/media/galeria/2022-2023/Peques/2022-10-17/5.png',3,'',17,1,'2022-10-04 16:51:51.225127');
INSERT INTO django_admin_log VALUES(175,'465','/media/galeria/2022-2023/Peques/2022-10-17/4.png',3,'',17,1,'2022-10-04 16:51:51.313748');
INSERT INTO django_admin_log VALUES(176,'464','/media/galeria/2022-2023/Peques/2022-10-17/3.png',3,'',17,1,'2022-10-04 16:51:51.402169');
INSERT INTO django_admin_log VALUES(177,'463','/media/galeria/2022-2023/Peques/2022-10-17/2.png',3,'',17,1,'2022-10-04 16:51:51.490713');
INSERT INTO django_admin_log VALUES(178,'462','/media/galeria/2022-2023/Peques/2022-10-17/1.png',3,'',17,1,'2022-10-04 16:51:51.612547');
INSERT INTO django_admin_log VALUES(179,'461','/media/galeria/2022-2023/Peques/2022-10-17/0.png',3,'',17,1,'2022-10-04 16:51:51.712397');
INSERT INTO django_admin_log VALUES(180,'460','/media/galeria/2022-2023/Jambo/5.png',3,'',17,1,'2022-10-04 16:51:51.889166');
INSERT INTO django_admin_log VALUES(181,'459','/media/galeria/2022-2023/Jambo/4.png',3,'',17,1,'2022-10-04 16:51:51.977891');
INSERT INTO django_admin_log VALUES(182,'458','/media/galeria/2022-2023/Jambo/3.png',3,'',17,1,'2022-10-04 16:51:52.053462');
INSERT INTO django_admin_log VALUES(183,'457','/media/galeria/2022-2023/Jambo/2.png',3,'',17,1,'2022-10-04 16:51:52.130744');
INSERT INTO django_admin_log VALUES(184,'456','/media/galeria/2022-2023/Jambo/1.png',3,'',17,1,'2022-10-04 16:51:52.221404');
INSERT INTO django_admin_log VALUES(185,'455','/media/galeria/2022-2023/Jambo/0.png',3,'',17,1,'2022-10-04 16:51:52.309801');
INSERT INTO django_admin_log VALUES(186,'454','/media/galeria/2022-2023/Medianos/5.png',3,'',17,1,'2022-10-04 16:51:52.385439');
INSERT INTO django_admin_log VALUES(187,'453','/media/galeria/2022-2023/Medianos/4.png',3,'',17,1,'2022-10-04 16:51:52.462873');
INSERT INTO django_admin_log VALUES(188,'452','/media/galeria/2022-2023/Medianos/3.png',3,'',17,1,'2022-10-04 16:51:52.562480');
INSERT INTO django_admin_log VALUES(189,'451','/media/galeria/2022-2023/Medianos/2.png',3,'',17,1,'2022-10-04 16:51:52.639869');
INSERT INTO django_admin_log VALUES(190,'450','/media/galeria/2022-2023/Medianos/1.png',3,'',17,1,'2022-10-04 16:51:52.717516');
INSERT INTO django_admin_log VALUES(191,'449','/media/galeria/2022-2023/Medianos/0.png',3,'',17,1,'2022-10-04 16:51:52.794900');
INSERT INTO django_admin_log VALUES(192,'448','/media/galeria/2022-2023/Peques/5.png',3,'',17,1,'2022-10-04 16:51:52.861457');
INSERT INTO django_admin_log VALUES(193,'447','/media/galeria/2022-2023/Peques/4.png',3,'',17,1,'2022-10-04 16:51:52.927639');
INSERT INTO django_admin_log VALUES(194,'446','/media/galeria/2022-2023/Peques/3.png',3,'',17,1,'2022-10-04 16:51:52.993919');
INSERT INTO django_admin_log VALUES(195,'445','/media/galeria/2022-2023/Peques/2.png',3,'',17,1,'2022-10-04 16:51:53.060695');
INSERT INTO django_admin_log VALUES(196,'444','/media/galeria/2022-2023/Peques/1.png',3,'',17,1,'2022-10-04 16:51:53.149266');
INSERT INTO django_admin_log VALUES(197,'443','/media/galeria/2022-2023/Peques/0.png',3,'',17,1,'2022-10-04 16:51:53.215609');
INSERT INTO django_admin_log VALUES(198,'442','/media/galeria/2022-2023/Jambo/5..png',3,'',17,1,'2022-10-04 16:51:53.295061');
INSERT INTO django_admin_log VALUES(199,'441','/media/galeria/2022-2023/Jambo/4..png',3,'',17,1,'2022-10-04 16:51:53.383623');
INSERT INTO django_admin_log VALUES(200,'440','/media/galeria/2022-2023/Jambo/3..png',3,'',17,1,'2022-10-04 16:51:53.472182');
INSERT INTO django_admin_log VALUES(201,'439','/media/galeria/2022-2023/Jambo/2..png',3,'',17,1,'2022-10-04 16:51:53.571828');
INSERT INTO django_admin_log VALUES(202,'438','/media/galeria/2022-2023/Jambo/1..png',3,'',17,1,'2022-10-04 16:51:53.649160');
INSERT INTO django_admin_log VALUES(203,'437','/media/galeria/2022-2023/Jambo/0..png',3,'',17,1,'2022-10-04 16:51:53.726741');
INSERT INTO django_admin_log VALUES(204,'436','/media/galeria/2022-2023/Medianos/5..png',3,'',17,1,'2022-10-04 16:51:53.804363');
INSERT INTO django_admin_log VALUES(205,'435','/media/galeria/2022-2023/Medianos/4..png',3,'',17,1,'2022-10-04 16:51:53.881774');
INSERT INTO django_admin_log VALUES(206,'434','/media/galeria/2022-2023/Medianos/3..png',3,'',17,1,'2022-10-04 16:51:53.959277');
INSERT INTO django_admin_log VALUES(207,'433','/media/galeria/2022-2023/Medianos/2..png',3,'',17,1,'2022-10-04 16:51:54.047820');
INSERT INTO django_admin_log VALUES(208,'432','/media/galeria/2022-2023/Medianos/1..png',3,'',17,1,'2022-10-04 16:51:54.136469');
INSERT INTO django_admin_log VALUES(209,'431','/media/galeria/2022-2023/Medianos/0..png',3,'',17,1,'2022-10-04 16:51:54.225041');
INSERT INTO django_admin_log VALUES(210,'430','/media/galeria/2022-2023/Peques/5..png',3,'',17,1,'2022-10-04 16:51:54.313362');
INSERT INTO django_admin_log VALUES(211,'429','/media/galeria/2022-2023/Peques/4..png',3,'',17,1,'2022-10-04 16:51:54.402075');
INSERT INTO django_admin_log VALUES(212,'428','/media/galeria/2022-2023/Peques/3..png',3,'',17,1,'2022-10-04 16:51:54.490590');
INSERT INTO django_admin_log VALUES(213,'427','/media/galeria/2022-2023/Peques/2..png',3,'',17,1,'2022-10-04 16:51:54.588401');
INSERT INTO django_admin_log VALUES(214,'426','/media/galeria/2022-2023/Peques/1..png',3,'',17,1,'2022-10-04 16:51:54.678730');
INSERT INTO django_admin_log VALUES(215,'425','/media/galeria/2022-2023/Peques/0..png',3,'',17,1,'2022-10-04 16:51:54.767373');
INSERT INTO django_admin_log VALUES(216,'424','/media/galeria/2022-2023/Jambo/5.Square44x44Logo.targetsize-256_altform-unplated_contrast-white',3,'',17,1,'2022-10-04 16:51:54.855949');
INSERT INTO django_admin_log VALUES(217,'423','/media/galeria/2022-2023/Jambo/4.Square44x44Logo.targetsize-256_contrast-black',3,'',17,1,'2022-10-04 16:51:54.931502');
INSERT INTO django_admin_log VALUES(218,'422','/media/galeria/2022-2023/Jambo/3.Square44x44Logo.targetsize-256_contrast-white',3,'',17,1,'2022-10-04 16:51:55.009068');
INSERT INTO django_admin_log VALUES(219,'421','/media/galeria/2022-2023/Jambo/2.Square71x71Logo.scale-200',3,'',17,1,'2022-10-04 16:51:55.086502');
INSERT INTO django_admin_log VALUES(220,'420','/media/galeria/2022-2023/Jambo/1.Square71x71Logo.scale-200_contrast-black',3,'',17,1,'2022-10-04 16:51:55.176968');
INSERT INTO django_admin_log VALUES(221,'419','/media/galeria/2022-2023/Jambo/0.Square71x71Logo.scale-200_contrast-white',3,'',17,1,'2022-10-04 16:51:55.254481');
INSERT INTO django_admin_log VALUES(222,'418','/media/galeria/2022-2023/Medianos/5.Square44x44Logo.targetsize-256_altform-unplated_contrast-white',3,'',17,1,'2022-10-04 16:51:55.331648');
INSERT INTO django_admin_log VALUES(223,'417','/media/galeria/2022-2023/Medianos/4.Square44x44Logo.targetsize-256_contrast-black',3,'',17,1,'2022-10-04 16:51:55.431583');
INSERT INTO django_admin_log VALUES(224,'416','/media/galeria/2022-2023/Medianos/3.Square44x44Logo.targetsize-256_contrast-white',3,'',17,1,'2022-10-04 16:51:55.520135');
INSERT INTO django_admin_log VALUES(225,'415','/media/galeria/2022-2023/Medianos/2.Square71x71Logo.scale-200',3,'',17,1,'2022-10-04 16:51:55.608793');
INSERT INTO django_admin_log VALUES(226,'414','/media/galeria/2022-2023/Medianos/1.Square71x71Logo.scale-200_contrast-black',3,'',17,1,'2022-10-04 16:51:55.697422');
INSERT INTO django_admin_log VALUES(227,'413','/media/galeria/2022-2023/Medianos/0.Square71x71Logo.scale-200_contrast-white',3,'',17,1,'2022-10-04 16:51:55.785900');
INSERT INTO django_admin_log VALUES(228,'412','/media/galeria/2022-2023/Peques/5.Square44x44Logo.targetsize-256_altform-unplated_contrast-white',3,'',17,1,'2022-10-04 16:51:55.885622');
INSERT INTO django_admin_log VALUES(229,'411','/media/galeria/2022-2023/Peques/4.Square44x44Logo.targetsize-256_contrast-black',3,'',17,1,'2022-10-04 16:51:55.985183');
INSERT INTO django_admin_log VALUES(230,'410','/media/galeria/2022-2023/Peques/3.Square44x44Logo.targetsize-256_contrast-white',3,'',17,1,'2022-10-04 16:51:56.073676');
INSERT INTO django_admin_log VALUES(231,'409','/media/galeria/2022-2023/Peques/2.Square71x71Logo.scale-200',3,'',17,1,'2022-10-04 16:51:56.162076');
INSERT INTO django_admin_log VALUES(232,'408','/media/galeria/2022-2023/Peques/1.Square71x71Logo.scale-200_contrast-black',3,'',17,1,'2022-10-04 16:51:56.261857');
INSERT INTO django_admin_log VALUES(233,'407','/media/galeria/2022-2023/Peques/0.Square71x71Logo.scale-200_contrast-white',3,'',17,1,'2022-10-04 16:51:56.350406');
INSERT INTO django_admin_log VALUES(234,'406','/media/galeria/2022-2023/Jambo/5.targetsize-256_altform-unplated_contrast-white',3,'',17,1,'2022-10-04 16:51:56.439009');
INSERT INTO django_admin_log VALUES(235,'405','/media/galeria/2022-2023/Jambo/4.targetsize-256_contrast-black',3,'',17,1,'2022-10-04 16:51:56.527522');
INSERT INTO django_admin_log VALUES(236,'404','/media/galeria/2022-2023/Jambo/3.targetsize-256_contrast-white',3,'',17,1,'2022-10-04 16:51:56.616136');
INSERT INTO django_admin_log VALUES(237,'403','/media/galeria/2022-2023/Jambo/2.scale-200',3,'',17,1,'2022-10-04 16:51:56.726735');
INSERT INTO django_admin_log VALUES(238,'402','/media/galeria/2022-2023/Jambo/1.scale-200_contrast-black',3,'',17,1,'2022-10-04 16:51:56.801988');
INSERT INTO django_admin_log VALUES(239,'401','/media/galeria/2022-2023/Jambo/0.scale-200_contrast-white',3,'',17,1,'2022-10-04 16:51:56.868624');
INSERT INTO django_admin_log VALUES(240,'400','/media/galeria/2022-2023/Medianos/5.targetsize-256_altform-unplated_contrast-white',3,'',17,1,'2022-10-04 16:51:56.935195');
INSERT INTO django_admin_log VALUES(241,'399','/media/galeria/2022-2023/Medianos/4.targetsize-256_contrast-black',3,'',17,1,'2022-10-04 16:51:57.034799');
INSERT INTO django_admin_log VALUES(242,'398','/media/galeria/2022-2023/Medianos/3.targetsize-256_contrast-white',3,'',17,1,'2022-10-04 16:51:57.101194');
INSERT INTO django_admin_log VALUES(243,'397','/media/galeria/2022-2023/Medianos/2.scale-200',3,'',17,1,'2022-10-04 16:51:57.167529');
INSERT INTO django_admin_log VALUES(244,'396','/media/galeria/2022-2023/Medianos/1.scale-200_contrast-black',3,'',17,1,'2022-10-04 16:51:57.234053');
INSERT INTO django_admin_log VALUES(245,'395','/media/galeria/2022-2023/Medianos/0.scale-200_contrast-white',3,'',17,1,'2022-10-04 16:51:57.300552');
INSERT INTO django_admin_log VALUES(246,'394','/media/galeria/2022-2023/Peques/5.targetsize-256_altform-unplated_contrast-white',3,'',17,1,'2022-10-04 16:51:57.366619');
INSERT INTO django_admin_log VALUES(247,'393','/media/galeria/2022-2023/Peques/4.targetsize-256_contrast-black',3,'',17,1,'2022-10-04 16:51:57.433307');
INSERT INTO django_admin_log VALUES(248,'392','/media/galeria/2022-2023/Peques/3.targetsize-256_contrast-white',3,'',17,1,'2022-10-04 16:51:57.499704');
INSERT INTO django_admin_log VALUES(249,'391','/media/galeria/2022-2023/Peques/2.scale-200',3,'',17,1,'2022-10-04 16:51:57.579221');
INSERT INTO django_admin_log VALUES(250,'390','/media/galeria/2022-2023/Peques/1.scale-200_contrast-black',3,'',17,1,'2022-10-04 16:51:57.656774');
INSERT INTO django_admin_log VALUES(251,'389','/media/galeria/2022-2023/Peques/0.scale-200_contrast-white',3,'',17,1,'2022-10-04 16:51:57.734135');
INSERT INTO django_admin_log VALUES(252,'388','/media/galeria/2022-2023/Jambo/5targetsize-256_altform-unplated_contrast-white',3,'',17,1,'2022-10-04 16:51:57.811725');
INSERT INTO django_admin_log VALUES(253,'387','/media/galeria/2022-2023/Jambo/4targetsize-256_contrast-black',3,'',17,1,'2022-10-04 16:51:57.900368');
INSERT INTO django_admin_log VALUES(254,'386','/media/galeria/2022-2023/Jambo/3targetsize-256_contrast-white',3,'',17,1,'2022-10-04 16:51:57.977834');
INSERT INTO django_admin_log VALUES(255,'385','/media/galeria/2022-2023/Jambo/2scale-200',3,'',17,1,'2022-10-04 16:51:58.066244');
INSERT INTO django_admin_log VALUES(256,'384','/media/galeria/2022-2023/Jambo/1scale-200_contrast-black',3,'',17,1,'2022-10-04 16:51:58.154856');
INSERT INTO django_admin_log VALUES(257,'383','/media/galeria/2022-2023/Jambo/0scale-200_contrast-white',3,'',17,1,'2022-10-04 16:51:58.243446');
INSERT INTO django_admin_log VALUES(258,'382','/media/galeria/2022-2023/Medianos/5targetsize-256_altform-unplated_contrast-white',3,'',17,1,'2022-10-04 16:51:58.332027');
INSERT INTO django_admin_log VALUES(259,'381','/media/galeria/2022-2023/Medianos/4targetsize-256_contrast-black',3,'',17,1,'2022-10-04 16:51:58.409595');
INSERT INTO django_admin_log VALUES(260,'380','/media/galeria/2022-2023/Medianos/3targetsize-256_contrast-white',3,'',17,1,'2022-10-04 16:51:58.486896');
INSERT INTO django_admin_log VALUES(261,'379','/media/galeria/2022-2023/Medianos/2scale-200',3,'',17,1,'2022-10-04 16:51:58.586856');
INSERT INTO django_admin_log VALUES(262,'378','galeria/2022-2023/Medianos/1scale-200_contrast-black',3,'',17,1,'2022-10-04 16:55:14.363214');
INSERT INTO django_admin_log VALUES(263,'377','galeria/2022-2023/Medianos/0scale-200_contrast-white',3,'',17,1,'2022-10-04 16:55:14.470228');
INSERT INTO django_admin_log VALUES(264,'376','galeria/2022-2023/Peques/5targetsize-256_altform-unplated_contrast-white',3,'',17,1,'2022-10-04 16:55:14.558527');
INSERT INTO django_admin_log VALUES(265,'375','galeria/2022-2023/Peques/4targetsize-256_contrast-black',3,'',17,1,'2022-10-04 16:55:14.647142');
INSERT INTO django_admin_log VALUES(266,'374','galeria/2022-2023/Peques/3targetsize-256_contrast-white',3,'',17,1,'2022-10-04 16:55:14.735715');
INSERT INTO django_admin_log VALUES(267,'373','galeria/2022-2023/Peques/2scale-200',3,'',17,1,'2022-10-04 16:55:14.824155');
INSERT INTO django_admin_log VALUES(268,'372','galeria/2022-2023/Peques/1scale-200_contrast-black',3,'',17,1,'2022-10-04 16:55:14.912867');
INSERT INTO django_admin_log VALUES(269,'371','galeria/2022-2023/Peques/0scale-200_contrast-white',3,'',17,1,'2022-10-04 16:55:15.023507');
INSERT INTO django_admin_log VALUES(270,'370','galeria/2022-2023/Jambo/5.png',3,'',17,1,'2022-10-04 16:55:15.112046');
INSERT INTO django_admin_log VALUES(271,'369','galeria/2022-2023/Jambo/4.png',3,'',17,1,'2022-10-04 16:55:15.222752');
INSERT INTO django_admin_log VALUES(272,'368','galeria/2022-2023/Jambo/3.png',3,'',17,1,'2022-10-04 16:55:15.300279');
INSERT INTO django_admin_log VALUES(273,'367','galeria/2022-2023/Jambo/2.png',3,'',17,1,'2022-10-04 16:55:15.377472');
INSERT INTO django_admin_log VALUES(274,'366','galeria/2022-2023/Jambo/1.png',3,'',17,1,'2022-10-04 16:55:15.466051');
INSERT INTO django_admin_log VALUES(275,'365','galeria/2022-2023/Jambo/0.png',3,'',17,1,'2022-10-04 16:55:15.554832');
INSERT INTO django_admin_log VALUES(276,'364','galeria/2022-2023/Medianos/5.png',3,'',17,1,'2022-10-04 16:55:15.643383');
INSERT INTO django_admin_log VALUES(277,'363','galeria/2022-2023/Medianos/4.png',3,'',17,1,'2022-10-04 16:55:15.732015');
INSERT INTO django_admin_log VALUES(278,'362','galeria/2022-2023/Medianos/3.png',3,'',17,1,'2022-10-04 16:55:15.820669');
INSERT INTO django_admin_log VALUES(279,'361','galeria/2022-2023/Medianos/2.png',3,'',17,1,'2022-10-04 16:55:15.909212');
INSERT INTO django_admin_log VALUES(280,'360','galeria/2022-2023/Medianos/1.png',3,'',17,1,'2022-10-04 16:55:15.997694');
INSERT INTO django_admin_log VALUES(281,'359','galeria/2022-2023/Medianos/0.png',3,'',17,1,'2022-10-04 16:55:16.086255');
INSERT INTO django_admin_log VALUES(282,'358','galeria/2022-2023/Peques/5.png',3,'',17,1,'2022-10-04 16:55:16.174815');
INSERT INTO django_admin_log VALUES(283,'357','galeria/2022-2023/Peques/4.png',3,'',17,1,'2022-10-04 16:55:16.263378');
INSERT INTO django_admin_log VALUES(284,'356','galeria/2022-2023/Peques/3.png',3,'',17,1,'2022-10-04 16:55:16.351914');
INSERT INTO django_admin_log VALUES(285,'355','galeria/2022-2023/Peques/2.png',3,'',17,1,'2022-10-04 16:55:16.440524');
INSERT INTO django_admin_log VALUES(286,'354','galeria/2022-2023/Peques/1.png',3,'',17,1,'2022-10-04 16:55:16.529255');
INSERT INTO django_admin_log VALUES(287,'353','galeria/2022-2023/Peques/0.png',3,'',17,1,'2022-10-04 16:55:16.617629');
INSERT INTO django_admin_log VALUES(288,'352','',3,'',17,1,'2022-10-04 16:55:16.706092');
INSERT INTO django_admin_log VALUES(289,'351','',3,'',17,1,'2022-10-04 16:55:16.794549');
INSERT INTO django_admin_log VALUES(290,'350','',3,'',17,1,'2022-10-04 16:55:16.883303');
INSERT INTO django_admin_log VALUES(291,'349','',3,'',17,1,'2022-10-04 16:55:16.958980');
INSERT INTO django_admin_log VALUES(292,'348','',3,'',17,1,'2022-10-04 16:55:17.036581');
INSERT INTO django_admin_log VALUES(293,'347','',3,'',17,1,'2022-10-04 16:55:17.126845');
INSERT INTO django_admin_log VALUES(294,'346','',3,'',17,1,'2022-10-04 16:55:17.215397');
INSERT INTO django_admin_log VALUES(295,'345','',3,'',17,1,'2022-10-04 16:55:17.303955');
INSERT INTO django_admin_log VALUES(296,'344','',3,'',17,1,'2022-10-04 16:55:17.392486');
INSERT INTO django_admin_log VALUES(297,'343','',3,'',17,1,'2022-10-04 16:55:17.481060');
INSERT INTO django_admin_log VALUES(298,'342','',3,'',17,1,'2022-10-04 16:55:17.570901');
INSERT INTO django_admin_log VALUES(299,'341','',3,'',17,1,'2022-10-04 16:55:17.658106');
INSERT INTO django_admin_log VALUES(300,'340','',3,'',17,1,'2022-10-04 16:55:17.746750');
INSERT INTO django_admin_log VALUES(301,'339','',3,'',17,1,'2022-10-04 16:55:17.835248');
INSERT INTO django_admin_log VALUES(302,'338','',3,'',17,1,'2022-10-04 16:55:17.923877');
INSERT INTO django_admin_log VALUES(303,'337','',3,'',17,1,'2022-10-04 16:55:18.012560');
INSERT INTO django_admin_log VALUES(304,'336','',3,'',17,1,'2022-10-04 16:55:18.101078');
INSERT INTO django_admin_log VALUES(305,'335','',3,'',17,1,'2022-10-04 16:55:18.189321');
INSERT INTO django_admin_log VALUES(306,'334','',3,'',17,1,'2022-10-04 16:55:18.278124');
INSERT INTO django_admin_log VALUES(307,'333','',3,'',17,1,'2022-10-04 16:55:18.366704');
INSERT INTO django_admin_log VALUES(308,'332','',3,'',17,1,'2022-10-04 16:55:18.455246');
INSERT INTO django_admin_log VALUES(309,'331','galeria/Square71x71Logo.scale-200_contrast-white_hlJ5zyx.png',3,'',17,1,'2022-10-04 16:55:18.543735');
INSERT INTO django_admin_log VALUES(310,'330','galeria/Square71x71Logo.scale-200_contrast-white.png',3,'',17,1,'2022-10-04 16:55:18.632458');
INSERT INTO django_admin_log VALUES(311,'329','galeria/Square44x44Logo.targetsize-256_altform-unplated_contrast-white_rFDRG6z.png',3,'',17,1,'2022-10-04 16:55:18.709794');
INSERT INTO django_admin_log VALUES(312,'328','galeria/Square44x44Logo.targetsize-256_contrast-black_YC9V460.png',3,'',17,1,'2022-10-04 16:55:18.787331');
INSERT INTO django_admin_log VALUES(313,'327','galeria/Square44x44Logo.targetsize-256_contrast-white_hAGh0FM.png',3,'',17,1,'2022-10-04 16:55:18.864853');
INSERT INTO django_admin_log VALUES(314,'326','galeria/Square71x71Logo.scale-200_U07ZUTe.png',3,'',17,1,'2022-10-04 16:55:18.953403');
INSERT INTO django_admin_log VALUES(315,'325','galeria/Square71x71Logo.scale-200_contrast-black_VtoSGqf.png',3,'',17,1,'2022-10-04 16:55:19.041995');
INSERT INTO django_admin_log VALUES(316,'324','galeria/Square71x71Logo.scale-200_contrast-white_4VHMgfh.png',3,'',17,1,'2022-10-04 16:55:19.119228');
INSERT INTO django_admin_log VALUES(317,'323','galeria/Square44x44Logo.targetsize-256_altform-unplated_contrast-white_xyC8WBa.png',3,'',17,1,'2022-10-04 16:55:19.196993');
INSERT INTO django_admin_log VALUES(318,'322','galeria/Square44x44Logo.targetsize-256_contrast-black_pscbfsS.png',3,'',17,1,'2022-10-04 16:55:19.274357');
INSERT INTO django_admin_log VALUES(319,'321','galeria/Square44x44Logo.targetsize-256_contrast-white_URJEi17.png',3,'',17,1,'2022-10-04 16:55:19.351816');
INSERT INTO django_admin_log VALUES(320,'320','galeria/Square71x71Logo.scale-200_wYvMd7G.png',3,'',17,1,'2022-10-04 16:55:19.429415');
INSERT INTO django_admin_log VALUES(321,'319','galeria/Square71x71Logo.scale-200_contrast-black_YdrS5Md.png',3,'',17,1,'2022-10-04 16:55:19.506816');
INSERT INTO django_admin_log VALUES(322,'318','galeria/Square71x71Logo.scale-200_contrast-white_goow6Aw.png',3,'',17,1,'2022-10-04 16:55:19.584402');
INSERT INTO django_admin_log VALUES(323,'317','galeria/Square44x44Logo.targetsize-256_altform-unplated_contrast-white.png',3,'',17,1,'2022-10-04 16:55:19.661753');
INSERT INTO django_admin_log VALUES(324,'316','galeria/Square44x44Logo.targetsize-256_contrast-black.png',3,'',17,1,'2022-10-04 16:55:19.772590');
INSERT INTO django_admin_log VALUES(325,'315','galeria/Square44x44Logo.targetsize-256_contrast-white.png',3,'',17,1,'2022-10-04 16:55:19.861099');
INSERT INTO django_admin_log VALUES(326,'314','galeria/Square71x71Logo.scale-200.png',3,'',17,1,'2022-10-04 16:55:19.949632');
INSERT INTO django_admin_log VALUES(327,'313','galeria/Square71x71Logo.scale-200_contrast-black.png',3,'',17,1,'2022-10-04 16:55:20.038126');
INSERT INTO django_admin_log VALUES(328,'312','galeria/Square71x71Logo.scale-200_contrast-white.png',3,'',17,1,'2022-10-04 16:55:20.126733');
INSERT INTO django_admin_log VALUES(329,'311','Square44x44Logo.targetsize-256_altform-unplated_contrast-white_sSDSS9I.png',3,'',17,1,'2022-10-04 16:55:20.215285');
INSERT INTO django_admin_log VALUES(330,'310','Square44x44Logo.targetsize-256_contrast-black_JSrpWkr.png',3,'',17,1,'2022-10-04 16:55:20.303962');
INSERT INTO django_admin_log VALUES(331,'309','Square44x44Logo.targetsize-256_contrast-white_KnVct4V.png',3,'',17,1,'2022-10-04 16:55:20.392331');
INSERT INTO django_admin_log VALUES(332,'308','Square71x71Logo.scale-200_llMe0oc.png',3,'',17,1,'2022-10-04 16:55:20.502825');
INSERT INTO django_admin_log VALUES(333,'307','Square71x71Logo.scale-200_contrast-black_r5hCEi6.png',3,'',17,1,'2022-10-04 16:55:20.591689');
INSERT INTO django_admin_log VALUES(334,'306','Square71x71Logo.scale-200_contrast-white_xfmmJQo.png',3,'',17,1,'2022-10-04 16:55:20.680359');
INSERT INTO django_admin_log VALUES(335,'305','Square44x44Logo.targetsize-256_altform-unplated_contrast-white_mRW6p3i.png',3,'',17,1,'2022-10-04 16:55:20.790834');
INSERT INTO django_admin_log VALUES(336,'304','Square44x44Logo.targetsize-256_contrast-black_EiUaMFn.png',3,'',17,1,'2022-10-04 16:55:20.879487');
INSERT INTO django_admin_log VALUES(337,'303','Square44x44Logo.targetsize-256_contrast-white_6q4cU6G.png',3,'',17,1,'2022-10-04 16:55:20.968062');
INSERT INTO django_admin_log VALUES(338,'302','Square71x71Logo.scale-200_fsREPDx.png',3,'',17,1,'2022-10-04 16:55:21.056683');
INSERT INTO django_admin_log VALUES(339,'301','Square71x71Logo.scale-200_contrast-black_XJWoL7g.png',3,'',17,1,'2022-10-04 16:55:21.134069');
INSERT INTO django_admin_log VALUES(340,'300','Square71x71Logo.scale-200_contrast-white_urutVmn.png',3,'',17,1,'2022-10-04 16:55:21.211594');
INSERT INTO django_admin_log VALUES(341,'299','Square44x44Logo.targetsize-256_altform-unplated_contrast-white.png',3,'',17,1,'2022-10-04 16:55:21.289171');
INSERT INTO django_admin_log VALUES(342,'298','Square44x44Logo.targetsize-256_contrast-black.png',3,'',17,1,'2022-10-04 16:55:21.366519');
INSERT INTO django_admin_log VALUES(343,'297','Square44x44Logo.targetsize-256_contrast-white.png',3,'',17,1,'2022-10-04 16:55:21.443995');
INSERT INTO django_admin_log VALUES(344,'296','Square71x71Logo.scale-200.png',3,'',17,1,'2022-10-04 16:55:21.521556');
INSERT INTO django_admin_log VALUES(345,'295','Square71x71Logo.scale-200_contrast-black.png',3,'',17,1,'2022-10-04 16:55:21.599054');
INSERT INTO django_admin_log VALUES(346,'294','Square71x71Logo.scale-200_contrast-white.png',3,'',17,1,'2022-10-04 16:55:21.676643');
INSERT INTO django_admin_log VALUES(347,'293','hola/Square44x44Logo.targetsize-256_altform-unplated_contrast-white_fso3iHR.png',3,'',17,1,'2022-10-04 16:55:21.787228');
INSERT INTO django_admin_log VALUES(348,'292','hola/Square44x44Logo.targetsize-256_contrast-black_zskTGyC.png',3,'',17,1,'2022-10-04 16:55:21.909096');
INSERT INTO django_admin_log VALUES(349,'291','hola/Square44x44Logo.targetsize-256_contrast-white_JEezUXY.png',3,'',17,1,'2022-10-04 16:55:22.086086');
INSERT INTO django_admin_log VALUES(350,'290','hola/Square71x71Logo.scale-200_BEiMxOO.png',3,'',17,1,'2022-10-04 16:55:22.174691');
INSERT INTO django_admin_log VALUES(351,'289','hola/Square71x71Logo.scale-200_contrast-black_gPVz4oC.png',3,'',17,1,'2022-10-04 16:55:22.263296');
INSERT INTO django_admin_log VALUES(352,'288','hola/Square71x71Logo.scale-200_contrast-white_lgKn8hx.png',3,'',17,1,'2022-10-04 16:55:22.340762');
INSERT INTO django_admin_log VALUES(353,'287','hola/Square44x44Logo.targetsize-256_altform-unplated_contrast-white_8t8i0ck.png',3,'',17,1,'2022-10-04 16:55:22.429154');
INSERT INTO django_admin_log VALUES(354,'286','hola/Square44x44Logo.targetsize-256_contrast-black_DC7kYMm.png',3,'',17,1,'2022-10-04 16:55:22.539827');
INSERT INTO django_admin_log VALUES(355,'285','hola/Square44x44Logo.targetsize-256_contrast-white_QH16uFm.png',3,'',17,1,'2022-10-04 16:55:22.650672');
INSERT INTO django_admin_log VALUES(356,'284','hola/Square71x71Logo.scale-200_0rXVAwt.png',3,'',17,1,'2022-10-04 16:55:22.739032');
INSERT INTO django_admin_log VALUES(357,'283','hola/Square71x71Logo.scale-200_contrast-black_ABdBe3q.png',3,'',17,1,'2022-10-04 16:55:22.827824');
INSERT INTO django_admin_log VALUES(358,'282','hola/Square71x71Logo.scale-200_contrast-white_XqToAGo.png',3,'',17,1,'2022-10-04 16:55:22.903490');
INSERT INTO django_admin_log VALUES(359,'281','hola/Square44x44Logo.targetsize-256_altform-unplated_contrast-white.png',3,'',17,1,'2022-10-04 16:55:22.981042');
INSERT INTO django_admin_log VALUES(360,'280','hola/Square44x44Logo.targetsize-256_contrast-black.png',3,'',17,1,'2022-10-04 16:55:23.091750');
INSERT INTO django_admin_log VALUES(361,'279','hola/Square44x44Logo.targetsize-256_contrast-white.png',3,'',17,1,'2022-10-04 16:55:23.182041');
INSERT INTO django_admin_log VALUES(362,'278','hola/Square71x71Logo.scale-200.png',3,'',17,1,'2022-10-04 16:55:23.270505');
INSERT INTO django_admin_log VALUES(363,'277','hola/Square71x71Logo.scale-200_contrast-black.png',3,'',17,1,'2022-10-04 16:55:23.359148');
INSERT INTO django_admin_log VALUES(364,'276','hola/Square71x71Logo.scale-200_contrast-white_GrMd3N7.png',3,'',17,1,'2022-10-04 16:55:23.447703');
INSERT INTO django_admin_log VALUES(365,'275','hola/Square71x71Logo.scale-200_contrast-white_zvm4ulb.png',3,'',17,1,'2022-10-04 16:55:23.536181');
INSERT INTO django_admin_log VALUES(366,'274','hola/Square71x71Logo.scale-200_contrast-white_nUDW9zP.png',3,'',17,1,'2022-10-04 16:55:23.613626');
INSERT INTO django_admin_log VALUES(367,'273','hola/Square71x71Logo.scale-200_contrast-white.png',3,'',17,1,'2022-10-04 16:55:23.702453');
INSERT INTO django_admin_log VALUES(368,'272','galeria.Imagen.path/Square44x44Logo.targetsize-256_altform-unplated_contrast-white_AaeQoOj.png',3,'',17,1,'2022-10-04 16:55:23.812938');
INSERT INTO django_admin_log VALUES(369,'271','galeria.Imagen.path/Square44x44Logo.targetsize-256_contrast-black_ypV7IRl.png',3,'',17,1,'2022-10-04 16:55:23.901355');
INSERT INTO django_admin_log VALUES(370,'270','galeria.Imagen.path/Square44x44Logo.targetsize-256_contrast-white_MjMbgMe.png',3,'',17,1,'2022-10-04 16:55:23.990139');
INSERT INTO django_admin_log VALUES(371,'269','galeria.Imagen.path/Square71x71Logo.scale-200_dbBBSJE.png',3,'',17,1,'2022-10-04 16:55:24.065878');
INSERT INTO django_admin_log VALUES(372,'268','galeria.Imagen.path/Square71x71Logo.scale-200_contrast-black_8SNq92A.png',3,'',17,1,'2022-10-04 16:55:24.143513');
INSERT INTO django_admin_log VALUES(373,'267','galeria.Imagen.path/Square71x71Logo.scale-200_contrast-white_94EwwRP.png',3,'',17,1,'2022-10-04 16:55:24.209647');
INSERT INTO django_admin_log VALUES(374,'266','galeria.Imagen.path/Square44x44Logo.targetsize-256_altform-unplated_contrast-white_PGTUVP7.png',3,'',17,1,'2022-10-04 16:55:24.300053');
INSERT INTO django_admin_log VALUES(375,'265','galeria.Imagen.path/Square44x44Logo.targetsize-256_contrast-black_pAM35Mj.png',3,'',17,1,'2022-10-04 16:55:24.388737');
INSERT INTO django_admin_log VALUES(376,'264','galeria.Imagen.path/Square44x44Logo.targetsize-256_contrast-white_Uw93pRJ.png',3,'',17,1,'2022-10-04 16:55:24.466115');
INSERT INTO django_admin_log VALUES(377,'263','galeria.Imagen.path/Square71x71Logo.scale-200_TKEeOvd.png',3,'',17,1,'2022-10-04 16:55:24.554723');
INSERT INTO django_admin_log VALUES(378,'262','galeria.Imagen.path/Square71x71Logo.scale-200_contrast-black_tD2BQ8f.png',3,'',17,1,'2022-10-04 16:55:24.643258');
INSERT INTO django_admin_log VALUES(379,'261','galeria.Imagen.path/Square71x71Logo.scale-200_contrast-white_RtwnVKJ.png',3,'',17,1,'2022-10-04 16:55:24.720842');
INSERT INTO django_admin_log VALUES(380,'260','galeria.Imagen.path/Square44x44Logo.targetsize-256_altform-unplated_contrast-white.png',3,'',17,1,'2022-10-04 16:55:24.842494');
INSERT INTO django_admin_log VALUES(381,'259','galeria.Imagen.path/Square44x44Logo.targetsize-256_contrast-black.png',3,'',17,1,'2022-10-04 16:55:24.930925');
INSERT INTO django_admin_log VALUES(382,'258','galeria.Imagen.path/Square44x44Logo.targetsize-256_contrast-white.png',3,'',17,1,'2022-10-04 16:55:25.019647');
INSERT INTO django_admin_log VALUES(383,'257','galeria.Imagen.path/Square71x71Logo.scale-200.png',3,'',17,1,'2022-10-04 16:55:25.095446');
INSERT INTO django_admin_log VALUES(384,'256','galeria.Imagen.path/Square71x71Logo.scale-200_contrast-black.png',3,'',17,1,'2022-10-04 16:55:25.172979');
INSERT INTO django_admin_log VALUES(385,'255','galeria.Imagen.path/Square71x71Logo.scale-200_contrast-white.png',3,'',17,1,'2022-10-04 16:55:25.250426');
INSERT INTO django_admin_log VALUES(386,'254','galeria.Imagen.path/Square44x44Logo.targetsize-256_altform-unplated_contrast-white_pRUjVPr.png',3,'',17,1,'2022-10-04 16:55:25.327744');
INSERT INTO django_admin_log VALUES(387,'253','galeria.Imagen.path/Square44x44Logo.targetsize-256_contrast-black_bf4xh4l.png',3,'',17,1,'2022-10-04 16:55:25.427440');
INSERT INTO django_admin_log VALUES(388,'252','galeria.Imagen.path/Square44x44Logo.targetsize-256_contrast-white_U7BuPqu.png',3,'',17,1,'2022-10-04 16:55:25.506726');
INSERT INTO django_admin_log VALUES(389,'251','galeria.Imagen.path/Square71x71Logo.scale-200_OXbxP78.png',3,'',17,1,'2022-10-04 16:55:25.595162');
INSERT INTO django_admin_log VALUES(390,'250','galeria.Imagen.path/Square71x71Logo.scale-200_contrast-black_fCxBMSb.png',3,'',17,1,'2022-10-04 16:55:25.705702');
INSERT INTO django_admin_log VALUES(391,'249','galeria.Imagen.path/Square71x71Logo.scale-200_contrast-white_7hMN5Yc.png',3,'',17,1,'2022-10-04 16:55:25.816571');
INSERT INTO django_admin_log VALUES(392,'248','galeria.Imagen.path/Square44x44Logo.targetsize-256_altform-unplated_contrast-white_6r2T4pH.png',3,'',17,1,'2022-10-04 16:55:25.905333');
INSERT INTO django_admin_log VALUES(393,'247','galeria.Imagen.path/Square44x44Logo.targetsize-256_contrast-black_48vZA2S.png',3,'',17,1,'2022-10-04 16:55:25.981007');
INSERT INTO django_admin_log VALUES(394,'246','galeria.Imagen.path/Square44x44Logo.targetsize-256_contrast-white_Kk251K4.png',3,'',17,1,'2022-10-04 16:55:26.058378');
INSERT INTO django_admin_log VALUES(395,'245','galeria.Imagen.path/Square71x71Logo.scale-200_9e8ZNTS.png',3,'',17,1,'2022-10-04 16:55:26.136031');
INSERT INTO django_admin_log VALUES(396,'244','galeria.Imagen.path/Square71x71Logo.scale-200_contrast-black_UUXxhX2.png',3,'',17,1,'2022-10-04 16:55:26.226242');
INSERT INTO django_admin_log VALUES(397,'243','galeria.Imagen.path/Square71x71Logo.scale-200_contrast-white_Uuj3ZKs.png',3,'',17,1,'2022-10-04 16:55:26.302081');
INSERT INTO django_admin_log VALUES(398,'242','galeria.Imagen.path/Square44x44Logo.targetsize-256_altform-unplated_contrast-white_s5SHEbc.png',3,'',17,1,'2022-10-04 16:55:26.381303');
INSERT INTO django_admin_log VALUES(399,'241','galeria.Imagen.path/Square44x44Logo.targetsize-256_contrast-black.png',3,'',17,1,'2022-10-04 16:55:26.458716');
INSERT INTO django_admin_log VALUES(400,'240','galeria.Imagen.path/Square44x44Logo.targetsize-256_contrast-white.png',3,'',17,1,'2022-10-04 16:55:26.536284');
INSERT INTO django_admin_log VALUES(401,'239','galeria.Imagen.path/Square71x71Logo.scale-200.png',3,'',17,1,'2022-10-04 16:55:26.613670');
INSERT INTO django_admin_log VALUES(402,'238','galeria.Imagen.path/Square71x71Logo.scale-200_contrast-black.png',3,'',17,1,'2022-10-04 16:55:26.691161');
INSERT INTO django_admin_log VALUES(403,'237','galeria.Imagen.path/Square71x71Logo.scale-200_contrast-white.png',3,'',17,1,'2022-10-04 16:55:26.768472');
INSERT INTO django_admin_log VALUES(404,'236','galeria.Imagen.path/Square44x44Logo.targetsize-256_altform-lightunplated_contrast-black_oDwBxsM.png',3,'',17,1,'2022-10-04 16:55:26.846144');
INSERT INTO django_admin_log VALUES(405,'235','galeria.Imagen.path/Square44x44Logo.targetsize-256_altform-lightunplated_contrast-white_ybeASeM.png',3,'',17,1,'2022-10-04 16:55:26.923665');
INSERT INTO django_admin_log VALUES(406,'234','galeria.Imagen.path/Square44x44Logo.targetsize-256_altform-unplated_MSZPoQ1.png',3,'',17,1,'2022-10-04 16:55:27.001160');
INSERT INTO django_admin_log VALUES(407,'233','galeria.Imagen.path/Square44x44Logo.targetsize-256_altform-unplated_contrast-black_UxC0BeZ.png',3,'',17,1,'2022-10-04 16:55:27.078610');
INSERT INTO django_admin_log VALUES(408,'232','galeria.Imagen.path/Square44x44Logo.targetsize-256_altform-unplated_contrast-white_He9Ctd5.png',3,'',17,1,'2022-10-04 16:55:27.156076');
INSERT INTO django_admin_log VALUES(409,'231','galeria.Imagen.path/Square44x44Logo.targetsize-256_altform-lightunplated_contrast-black_Gvlbgcg.png',3,'',17,1,'2022-10-04 16:55:27.233596');
INSERT INTO django_admin_log VALUES(410,'230','galeria.Imagen.path/Square44x44Logo.targetsize-256_altform-lightunplated_contrast-white_DPXw7lm.png',3,'',17,1,'2022-10-04 16:55:27.311081');
INSERT INTO django_admin_log VALUES(411,'229','galeria.Imagen.path/Square44x44Logo.targetsize-256_altform-unplated_NcsRDrw.png',3,'',17,1,'2022-10-04 16:55:27.388612');
INSERT INTO django_admin_log VALUES(412,'228','galeria.Imagen.path/Square44x44Logo.targetsize-256_altform-unplated_contrast-black_wBpEl0u.png',3,'',17,1,'2022-10-04 16:55:27.466099');
INSERT INTO django_admin_log VALUES(413,'227','galeria.Imagen.path/Square44x44Logo.targetsize-256_altform-unplated_contrast-white_atLuYI4.png',3,'',17,1,'2022-10-04 16:55:27.543575');
INSERT INTO django_admin_log VALUES(414,'226','galeria.Imagen.path/Square44x44Logo.targetsize-256_altform-lightunplated_contrast-black_thqkUWY.png',3,'',17,1,'2022-10-04 16:55:27.621122');
INSERT INTO django_admin_log VALUES(415,'225','galeria.Imagen.path/Square44x44Logo.targetsize-256_altform-lightunplated_contrast-white_iBI6SqG.png',3,'',17,1,'2022-10-04 16:55:27.698564');
INSERT INTO django_admin_log VALUES(416,'224','galeria.Imagen.path/Square44x44Logo.targetsize-256_altform-unplated_E6GApxh.png',3,'',17,1,'2022-10-04 16:55:27.797942');
INSERT INTO django_admin_log VALUES(417,'223','galeria.Imagen.path/Square44x44Logo.targetsize-256_altform-unplated_contrast-black_ATVihJY.png',3,'',17,1,'2022-10-04 16:55:27.875659');
INSERT INTO django_admin_log VALUES(418,'222','galeria.Imagen.path/Square44x44Logo.targetsize-256_altform-unplated_contrast-white_Rk3ZUou.png',3,'',17,1,'2022-10-04 16:55:27.953161');
INSERT INTO django_admin_log VALUES(419,'221','galeria.Imagen.path/Square44x44Logo.targetsize-256_altform-lightunplated_contrast-black_yC7MPgZ.png',3,'',17,1,'2022-10-04 16:55:28.041438');
INSERT INTO django_admin_log VALUES(420,'220','galeria.Imagen.path/Square44x44Logo.targetsize-256_altform-lightunplated_contrast-white_tH4bTlY.png',3,'',17,1,'2022-10-04 16:55:28.130258');
INSERT INTO django_admin_log VALUES(421,'219','galeria.Imagen.path/Square44x44Logo.targetsize-256_altform-unplated_bsnmZmU.png',3,'',17,1,'2022-10-04 16:55:28.218643');
INSERT INTO django_admin_log VALUES(422,'218','galeria.Imagen.path/Square44x44Logo.targetsize-256_altform-unplated_contrast-black_sXsnHcv.png',3,'',17,1,'2022-10-04 16:55:28.296343');
INSERT INTO django_admin_log VALUES(423,'217','galeria.Imagen.path/Square44x44Logo.targetsize-256_altform-unplated_contrast-white_z58O7zT.png',3,'',17,1,'2022-10-04 16:55:28.384935');
INSERT INTO django_admin_log VALUES(424,'216','galeria.Imagen.path/Square44x44Logo.targetsize-256_altform-lightunplated_contrast-black_2VtMgwU.png',3,'',17,1,'2022-10-04 16:55:28.462406');
INSERT INTO django_admin_log VALUES(425,'215','galeria.Imagen.path/Square44x44Logo.targetsize-256_altform-lightunplated_contrast-white_2ptDr77.png',3,'',17,1,'2022-10-04 16:55:28.539997');
INSERT INTO django_admin_log VALUES(426,'214','galeria.Imagen.path/Square44x44Logo.targetsize-256_altform-unplated_D6YdvT7.png',3,'',17,1,'2022-10-04 16:55:28.616936');
INSERT INTO django_admin_log VALUES(427,'213','galeria.Imagen.path/Square44x44Logo.targetsize-256_altform-unplated_contrast-black_Hlq0jrh.png',3,'',17,1,'2022-10-04 16:55:28.694380');
INSERT INTO django_admin_log VALUES(428,'212','galeria.Imagen.path/Square44x44Logo.targetsize-256_altform-unplated_contrast-white_HRDZO6X.png',3,'',17,1,'2022-10-04 16:55:28.782988');
INSERT INTO django_admin_log VALUES(429,'211','galeria.Imagen.path/Square44x44Logo.targetsize-256_altform-lightunplated_contrast-black.png',3,'',17,1,'2022-10-04 16:55:28.876536');
INSERT INTO django_admin_log VALUES(430,'210','galeria.Imagen.path/Square44x44Logo.targetsize-256_altform-lightunplated_contrast-white.png',3,'',17,1,'2022-10-04 16:55:28.949042');
INSERT INTO django_admin_log VALUES(431,'209','galeria.Imagen.path/Square44x44Logo.targetsize-256_altform-unplated.png',3,'',17,1,'2022-10-04 16:55:29.026333');
INSERT INTO django_admin_log VALUES(432,'208','galeria.Imagen.path/Square44x44Logo.targetsize-256_altform-unplated_contrast-black.png',3,'',17,1,'2022-10-04 16:55:29.103710');
INSERT INTO django_admin_log VALUES(433,'207','galeria.Imagen.path/Square44x44Logo.targetsize-256_altform-unplated_contrast-white.png',3,'',17,1,'2022-10-04 16:55:29.192464');
INSERT INTO django_admin_log VALUES(434,'206','',3,'',17,1,'2022-10-04 16:55:29.280907');
INSERT INTO django_admin_log VALUES(435,'205','',3,'',17,1,'2022-10-04 16:55:29.369401');
INSERT INTO django_admin_log VALUES(436,'204','',3,'',17,1,'2022-10-04 16:55:29.457938');
INSERT INTO django_admin_log VALUES(437,'203','',3,'',17,1,'2022-10-04 16:55:29.546541');
INSERT INTO django_admin_log VALUES(438,'202','',3,'',17,1,'2022-10-04 16:55:29.635078');
INSERT INTO django_admin_log VALUES(439,'201','',3,'',17,1,'2022-10-04 16:55:29.723628');
INSERT INTO django_admin_log VALUES(440,'200','',3,'',17,1,'2022-10-04 16:55:29.834379');
INSERT INTO django_admin_log VALUES(441,'199','',3,'',17,1,'2022-10-04 16:55:29.923055');
INSERT INTO django_admin_log VALUES(442,'198','',3,'',17,1,'2022-10-04 16:55:30.000712');
INSERT INTO django_admin_log VALUES(443,'197','',3,'',17,1,'2022-10-04 16:55:30.078040');
INSERT INTO django_admin_log VALUES(444,'196','',3,'',17,1,'2022-10-04 16:55:30.143305');
INSERT INTO django_admin_log VALUES(445,'195','',3,'',17,1,'2022-10-04 16:55:30.233170');
INSERT INTO django_admin_log VALUES(446,'194','',3,'',17,1,'2022-10-04 16:55:30.321517');
INSERT INTO django_admin_log VALUES(447,'193','',3,'',17,1,'2022-10-04 16:55:30.410154');
INSERT INTO django_admin_log VALUES(448,'192','',3,'',17,1,'2022-10-04 16:55:30.475512');
INSERT INTO django_admin_log VALUES(449,'191','',3,'',17,1,'2022-10-04 16:55:30.541906');
INSERT INTO django_admin_log VALUES(450,'190','',3,'',17,1,'2022-10-04 16:55:30.608382');
INSERT INTO django_admin_log VALUES(451,'189','galeria.Imagen.path/Square44x44Logo.targetsize-256_contrast-white_zPZnhel.png',3,'',17,1,'2022-10-04 16:55:30.674649');
INSERT INTO django_admin_log VALUES(452,'188','galeria.Imagen.path/Square71x71Logo.scale-200_Cpv8GGf.png',3,'',17,1,'2022-10-04 16:55:30.741208');
INSERT INTO django_admin_log VALUES(453,'187','galeria.Imagen.path/Square71x71Logo.scale-200_contrast-black_iJ0LUZj.png',3,'',17,1,'2022-10-04 16:55:30.807580');
INSERT INTO django_admin_log VALUES(454,'186','galeria.Imagen.path/Square71x71Logo.scale-200_contrast-white_zkkknEV.png',3,'',17,1,'2022-10-04 16:55:30.885970');
INSERT INTO django_admin_log VALUES(455,'185','galeria.Imagen.path/Square150x150Logo.scale-200_GycqhEr.png',3,'',17,1,'2022-10-04 16:55:30.963755');
INSERT INTO django_admin_log VALUES(456,'184','galeria.Imagen.path/Square150x150Logo.scale-200_contrast-black_HDmjeDU.png',3,'',17,1,'2022-10-04 16:55:31.040065');
INSERT INTO django_admin_log VALUES(457,'183','galeria.Imagen.path/Square44x44Logo.targetsize-256_contrast-white_d5E6yW2.png',3,'',17,1,'2022-10-04 16:55:31.129781');
INSERT INTO django_admin_log VALUES(458,'182','galeria.Imagen.path/Square71x71Logo.scale-200_ETEj6ck.png',3,'',17,1,'2022-10-04 16:55:31.218299');
INSERT INTO django_admin_log VALUES(459,'181','galeria.Imagen.path/Square71x71Logo.scale-200_contrast-black_uznIsRI.png',3,'',17,1,'2022-10-04 16:55:31.306910');
INSERT INTO django_admin_log VALUES(460,'180','galeria.Imagen.path/Square71x71Logo.scale-200_contrast-white_p2c97eM.png',3,'',17,1,'2022-10-04 16:55:31.395460');
INSERT INTO django_admin_log VALUES(461,'179','galeria.Imagen.path/Square150x150Logo.scale-200_BncAIhG.png',3,'',17,1,'2022-10-04 16:55:31.484032');
INSERT INTO django_admin_log VALUES(462,'178','galeria.Imagen.path/Square150x150Logo.scale-200_contrast-black_EQuDk09.png',3,'',17,1,'2022-10-04 16:55:31.572625');
INSERT INTO django_admin_log VALUES(463,'177','galeria.Imagen.path/Square44x44Logo.targetsize-256_contrast-white.png',3,'',17,1,'2022-10-04 16:55:31.661213');
INSERT INTO django_admin_log VALUES(464,'176','galeria.Imagen.path/Square71x71Logo.scale-200.png',3,'',17,1,'2022-10-04 16:55:31.749456');
INSERT INTO django_admin_log VALUES(465,'175','galeria.Imagen.path/Square71x71Logo.scale-200_contrast-black.png',3,'',17,1,'2022-10-04 16:55:31.838207');
INSERT INTO django_admin_log VALUES(466,'174','galeria.Imagen.path/Square71x71Logo.scale-200_contrast-white.png',3,'',17,1,'2022-10-04 16:55:32.059540');
INSERT INTO django_admin_log VALUES(467,'173','galeria.Imagen.path/Square150x150Logo.scale-200.png',3,'',17,1,'2022-10-04 16:55:32.148262');
INSERT INTO django_admin_log VALUES(468,'172','galeria.Imagen.path/Square150x150Logo.scale-200_contrast-black.png',3,'',17,1,'2022-10-04 16:55:32.236870');
INSERT INTO django_admin_log VALUES(469,'171','galeria/10_XKKcBW1.png',3,'',17,1,'2022-10-04 16:55:32.325899');
INSERT INTO django_admin_log VALUES(470,'170','galeria/9_UJNhZYF.png',3,'',17,1,'2022-10-04 16:55:32.414560');
INSERT INTO django_admin_log VALUES(471,'169','galeria/8_D7HpS6f.png',3,'',17,1,'2022-10-04 16:55:32.503102');
INSERT INTO django_admin_log VALUES(472,'168','galeria/7_Pw1jXdG.png',3,'',17,1,'2022-10-04 16:55:32.591701');
INSERT INTO django_admin_log VALUES(473,'167','galeria/6_D3bQ8fH.png',3,'',17,1,'2022-10-04 16:55:32.680091');
INSERT INTO django_admin_log VALUES(474,'166','galeria/5_7SBK7Wc.png',3,'',17,1,'2022-10-04 16:55:32.768598');
INSERT INTO django_admin_log VALUES(475,'165','galeria/4_WJRmsjg.png',3,'',17,1,'2022-10-04 16:55:32.857426');
INSERT INTO django_admin_log VALUES(476,'164','galeria/3_Qb1LTsK.png',3,'',17,1,'2022-10-04 16:55:32.945841');
INSERT INTO django_admin_log VALUES(477,'163','galeria/2_4W5QkoY.png',3,'',17,1,'2022-10-04 16:55:33.034491');
INSERT INTO django_admin_log VALUES(478,'162','galeria/1_NuVRChv.png',3,'',17,1,'2022-10-04 16:55:33.123029');
INSERT INTO django_admin_log VALUES(479,'161','galeria/0_SoRmQMI.png',3,'',17,1,'2022-10-04 16:55:33.211610');
INSERT INTO django_admin_log VALUES(480,'160','galeria/10_Pcaaylt.png',3,'',17,1,'2022-10-04 16:55:33.300116');
INSERT INTO django_admin_log VALUES(481,'159','galeria/9_2UAkJbo.png',3,'',17,1,'2022-10-04 16:55:33.388813');
INSERT INTO django_admin_log VALUES(482,'158','galeria/8_QztJR66.png',3,'',17,1,'2022-10-04 16:55:33.466232');
INSERT INTO django_admin_log VALUES(483,'157','galeria/7_NvgTv5n.png',3,'',17,1,'2022-10-04 16:55:33.545456');
INSERT INTO django_admin_log VALUES(484,'156','galeria/6_bcYgJOi.png',3,'',17,1,'2022-10-04 16:55:33.643344');
INSERT INTO django_admin_log VALUES(485,'155','galeria/5_jOKUhZ1.png',3,'',17,1,'2022-10-04 16:55:33.720902');
INSERT INTO django_admin_log VALUES(486,'154','galeria/4_UMdzibG.png',3,'',17,1,'2022-10-04 16:55:33.820546');
INSERT INTO django_admin_log VALUES(487,'153','galeria/3_vIamLED.png',3,'',17,1,'2022-10-04 16:55:33.897969');
INSERT INTO django_admin_log VALUES(488,'152','galeria/2_jjvPcGl.png',3,'',17,1,'2022-10-04 16:55:33.975410');
INSERT INTO django_admin_log VALUES(489,'151','galeria/1_TCkfSaZ.png',3,'',17,1,'2022-10-04 16:55:34.052922');
INSERT INTO django_admin_log VALUES(490,'150','galeria/0_nLIlUO6.png',3,'',17,1,'2022-10-04 16:55:34.130429');
INSERT INTO django_admin_log VALUES(491,'149','galeria/10.png',3,'',17,1,'2022-10-04 16:55:34.207909');
INSERT INTO django_admin_log VALUES(492,'148','galeria/9.png',3,'',17,1,'2022-10-04 16:55:34.285502');
INSERT INTO django_admin_log VALUES(493,'147','galeria/8.png',3,'',17,1,'2022-10-04 16:55:34.373918');
INSERT INTO django_admin_log VALUES(494,'146','galeria/7.png',3,'',17,1,'2022-10-04 16:55:34.462402');
INSERT INTO django_admin_log VALUES(495,'145','galeria/6.png',3,'',17,1,'2022-10-04 16:55:34.540004');
INSERT INTO django_admin_log VALUES(496,'144','galeria/5.png',3,'',17,1,'2022-10-04 16:55:34.617530');
INSERT INTO django_admin_log VALUES(497,'143','galeria/4.png',3,'',17,1,'2022-10-04 16:55:34.706068');
INSERT INTO django_admin_log VALUES(498,'142','galeria/3.png',3,'',17,1,'2022-10-04 16:55:34.816846');
INSERT INTO django_admin_log VALUES(499,'141','galeria/2.png',3,'',17,1,'2022-10-04 16:55:34.905231');
INSERT INTO django_admin_log VALUES(500,'140','galeria/1.png',3,'',17,1,'2022-10-04 16:55:34.993814');
INSERT INTO django_admin_log VALUES(501,'139','galeria/0.png',3,'',17,1,'2022-10-04 16:55:35.069526');
INSERT INTO django_admin_log VALUES(502,'138','',3,'',17,1,'2022-10-04 16:55:35.146852');
INSERT INTO django_admin_log VALUES(503,'137','',3,'',17,1,'2022-10-04 16:55:35.246576');
INSERT INTO django_admin_log VALUES(504,'136','',3,'',17,1,'2022-10-04 16:55:35.324169');
INSERT INTO django_admin_log VALUES(505,'135','',3,'',17,1,'2022-10-04 16:55:35.401639');
INSERT INTO django_admin_log VALUES(506,'134','',3,'',17,1,'2022-10-04 16:55:35.492026');
INSERT INTO django_admin_log VALUES(507,'133','',3,'',17,1,'2022-10-04 16:55:35.580590');
INSERT INTO django_admin_log VALUES(508,'132','',3,'',17,1,'2022-10-04 16:55:35.669182');
INSERT INTO django_admin_log VALUES(509,'131','',3,'',17,1,'2022-10-04 16:55:35.744843');
INSERT INTO django_admin_log VALUES(510,'130','galeria/Square71x71Logo.scale-200_contrast-black_BRcUYk8.png',3,'',17,1,'2022-10-04 16:55:35.822333');
INSERT INTO django_admin_log VALUES(511,'129','galeria/Square71x71Logo.scale-200_contrast-white_TxcqgaO.png',3,'',17,1,'2022-10-04 16:55:35.899792');
INSERT INTO django_admin_log VALUES(512,'128','galeria/Square150x150Logo.scale-200_1BLzcu5.png',3,'',17,1,'2022-10-04 16:55:35.977218');
INSERT INTO django_admin_log VALUES(513,'127','galeria/Square150x150Logo.scale-200_contrast-black_lwlgVzK.png',3,'',17,1,'2022-10-04 16:55:36.067680');
INSERT INTO django_admin_log VALUES(514,'126','galeria/Square150x150Logo.scale-200_contrast-white_IwCCiR6.png',3,'',17,1,'2022-10-04 16:55:36.156012');
INSERT INTO django_admin_log VALUES(515,'125','galeria/Square71x71Logo.scale-200_contrast-black_tk4rXCR.png',3,'',17,1,'2022-10-04 16:55:36.266902');
INSERT INTO django_admin_log VALUES(516,'124','galeria/Square71x71Logo.scale-200_contrast-white_fDmayOI.png',3,'',17,1,'2022-10-04 16:55:36.355414');
INSERT INTO django_admin_log VALUES(517,'123','galeria/Square150x150Logo.scale-200_H3RKScV.png',3,'',17,1,'2022-10-04 16:55:36.443962');
INSERT INTO django_admin_log VALUES(518,'122','galeria/Square150x150Logo.scale-200_contrast-black_aUSLRoE.png',3,'',17,1,'2022-10-04 16:55:36.532663');
INSERT INTO django_admin_log VALUES(519,'121','galeria/Square150x150Logo.scale-200_contrast-white_HMDkftJ.png',3,'',17,1,'2022-10-04 16:55:36.621127');
INSERT INTO django_admin_log VALUES(520,'120','galeria/Square71x71Logo.scale-200_contrast-black_PgSo74x.png',3,'',17,1,'2022-10-04 16:55:36.709710');
INSERT INTO django_admin_log VALUES(521,'119','galeria/Square71x71Logo.scale-200_contrast-white_fSmo2Qn.png',3,'',17,1,'2022-10-04 16:55:36.820346');
INSERT INTO django_admin_log VALUES(522,'118','galeria/Square150x150Logo.scale-200_Ntlcf1n.png',3,'',17,1,'2022-10-04 16:55:36.909073');
INSERT INTO django_admin_log VALUES(523,'117','galeria/Square150x150Logo.scale-200_contrast-black_KQadVrs.png',3,'',17,1,'2022-10-04 16:55:36.997478');
INSERT INTO django_admin_log VALUES(524,'116','galeria/Square150x150Logo.scale-200_contrast-white_B1tZnNP.png',3,'',17,1,'2022-10-04 16:55:37.086141');
INSERT INTO django_admin_log VALUES(525,'115','galeria/Square71x71Logo.scale-200_contrast-black_QHVyJo4.png',3,'',17,1,'2022-10-04 16:55:37.201766');
INSERT INTO django_admin_log VALUES(526,'114','galeria/Square71x71Logo.scale-200_contrast-white_I8s31zH.png',3,'',17,1,'2022-10-04 16:55:37.274598');
INSERT INTO django_admin_log VALUES(527,'113','galeria/Square150x150Logo.scale-200_Dr7Yajf.png',3,'',17,1,'2022-10-04 16:55:37.352287');
INSERT INTO django_admin_log VALUES(528,'112','galeria/Square150x150Logo.scale-200_contrast-black_SoshOLB.png',3,'',17,1,'2022-10-04 16:55:37.457738');
INSERT INTO django_admin_log VALUES(529,'111','galeria/Square150x150Logo.scale-200_contrast-white_YzLn23h.png',3,'',17,1,'2022-10-04 16:55:37.540531');
INSERT INTO django_admin_log VALUES(530,'110','galeria/Square71x71Logo.scale-200_contrast-black_MJP7otl.png',3,'',17,1,'2022-10-04 16:55:37.617992');
INSERT INTO django_admin_log VALUES(531,'109','galeria/Square71x71Logo.scale-200_contrast-white_DyyBCmv.png',3,'',17,1,'2022-10-04 16:55:37.695462');
INSERT INTO django_admin_log VALUES(532,'108','galeria/Square150x150Logo.scale-200_4VHMrVL.png',3,'',17,1,'2022-10-04 16:55:37.794895');
INSERT INTO django_admin_log VALUES(533,'107','galeria/Square150x150Logo.scale-200_contrast-black_7WcIJv4.png',3,'',17,1,'2022-10-04 16:55:37.872657');
INSERT INTO django_admin_log VALUES(534,'106','galeria/Square150x150Logo.scale-200_contrast-white_APlUPUa.png',3,'',17,1,'2022-10-04 16:55:37.961090');
INSERT INTO django_admin_log VALUES(535,'105','galeria/Square150x150Logo.scale-200_contrast-black_F9OZ0T8.png',3,'',17,1,'2022-10-04 16:55:38.035353');
INSERT INTO django_admin_log VALUES(536,'104','galeria/Square150x150Logo.scale-200_contrast-white_Vh4rwko.png',3,'',17,1,'2022-10-04 16:55:38.102049');
INSERT INTO django_admin_log VALUES(537,'103','galeria/Square71x71Logo.scale-200_contrast-black_QqJT8Ba.png',3,'',17,1,'2022-10-04 16:55:38.193607');
INSERT INTO django_admin_log VALUES(538,'102','galeria/Square71x71Logo.scale-200_contrast-white_NrFGcwB.png',3,'',17,1,'2022-10-04 16:55:38.282156');
INSERT INTO django_admin_log VALUES(539,'101','galeria/Square150x150Logo.scale-200_SmU8gak.png',3,'',17,1,'2022-10-04 16:55:38.370685');
INSERT INTO django_admin_log VALUES(540,'100','galeria/Square150x150Logo.scale-200_contrast-black_yEa8iPB.png',3,'',17,1,'2022-10-04 16:55:38.437151');
INSERT INTO django_admin_log VALUES(541,'99','galeria/Square150x150Logo.scale-200_contrast-white_BnGntnR.png',3,'',17,1,'2022-10-04 16:55:38.514611');
INSERT INTO django_admin_log VALUES(542,'98','galeria/Square71x71Logo.scale-200_contrast-black_anbScVC.png',3,'',17,1,'2022-10-04 16:55:38.614270');
INSERT INTO django_admin_log VALUES(543,'97','galeria/Square71x71Logo.scale-200_contrast-white_rUMoVQj.png',3,'',17,1,'2022-10-04 16:55:38.688557');
INSERT INTO django_admin_log VALUES(544,'96','galeria/Square150x150Logo.scale-200_dOAuueL.png',3,'',17,1,'2022-10-04 16:55:38.765990');
INSERT INTO django_admin_log VALUES(545,'95','galeria/Square150x150Logo.scale-200_contrast-black_FDzFkS0.png',3,'',17,1,'2022-10-04 16:55:38.843462');
INSERT INTO django_admin_log VALUES(546,'94','galeria/Square150x150Logo.scale-200_contrast-white_OjUHLUL.png',3,'',17,1,'2022-10-04 16:55:38.921015');
INSERT INTO django_admin_log VALUES(547,'93','galeria/Square71x71Logo.scale-200_contrast-black_8GAw4Co.png',3,'',17,1,'2022-10-04 16:55:38.998446');
INSERT INTO django_admin_log VALUES(548,'92','galeria/Square71x71Logo.scale-200_contrast-white_Y6tUizp.png',3,'',17,1,'2022-10-04 16:55:39.075684');
INSERT INTO django_admin_log VALUES(549,'91','galeria/Square150x150Logo.scale-200_EufMz4C.png',3,'',17,1,'2022-10-04 16:55:39.153303');
INSERT INTO django_admin_log VALUES(550,'90','galeria/Square150x150Logo.scale-200_contrast-black_IIhR3WY.png',3,'',17,1,'2022-10-04 16:55:39.230930');
INSERT INTO django_admin_log VALUES(551,'89','galeria/Square150x150Logo.scale-200_contrast-white_3AA32M2.png',3,'',17,1,'2022-10-04 16:55:39.308458');
INSERT INTO django_admin_log VALUES(552,'88','galeria/Square71x71Logo.scale-200_contrast-black_gxydf2A.png',3,'',17,1,'2022-10-04 16:55:39.385917');
INSERT INTO django_admin_log VALUES(553,'87','galeria/Square71x71Logo.scale-200_contrast-white_LWbmsOs.png',3,'',17,1,'2022-10-04 16:55:39.463304');
INSERT INTO django_admin_log VALUES(554,'86','galeria/Square150x150Logo.scale-200_4a28sGC.png',3,'',17,1,'2022-10-04 16:55:39.540832');
INSERT INTO django_admin_log VALUES(555,'85','galeria/Square150x150Logo.scale-200_contrast-black_CYiEdvc.png',3,'',17,1,'2022-10-04 16:55:39.618348');
INSERT INTO django_admin_log VALUES(556,'84','galeria/Square150x150Logo.scale-200_contrast-white_ABVNTJ8.png',3,'',17,1,'2022-10-04 16:55:39.695870');
INSERT INTO django_admin_log VALUES(557,'83','galeria/Square71x71Logo.scale-200_contrast-black_fiDzHWN.png',3,'',17,1,'2022-10-04 16:55:39.795459');
INSERT INTO django_admin_log VALUES(558,'82','galeria/Square71x71Logo.scale-200_contrast-white_Id5XWpc.png',3,'',17,1,'2022-10-04 16:55:39.877718');
INSERT INTO django_admin_log VALUES(559,'81','galeria/Square150x150Logo.scale-200_VxMDfhQ.png',3,'',17,1,'2022-10-04 16:55:39.961545');
INSERT INTO django_admin_log VALUES(560,'80','galeria/Square150x150Logo.scale-200_contrast-black_wPjD7dT.png',3,'',17,1,'2022-10-04 16:55:40.038910');
INSERT INTO django_admin_log VALUES(561,'79','galeria/Square150x150Logo.scale-200_contrast-white_e7ar21Y.png',3,'',17,1,'2022-10-04 16:55:40.130310');
INSERT INTO django_admin_log VALUES(562,'78','galeria/Square71x71Logo.scale-200_contrast-black_OxwdT2w.png',3,'',17,1,'2022-10-04 16:55:40.218925');
INSERT INTO django_admin_log VALUES(563,'77','galeria/Square71x71Logo.scale-200_contrast-white_D9TD6Hc.png',3,'',17,1,'2022-10-04 16:55:40.308089');
INSERT INTO django_admin_log VALUES(564,'76','galeria/Square150x150Logo.scale-200_pgPBLvo.png',3,'',17,1,'2022-10-04 16:55:40.419062');
INSERT INTO django_admin_log VALUES(565,'75','galeria/Square150x150Logo.scale-200_contrast-black_7IgX1Fw.png',3,'',17,1,'2022-10-04 16:55:40.507275');
INSERT INTO django_admin_log VALUES(566,'74','galeria/Square150x150Logo.scale-200_contrast-white_sHZN5JF.png',3,'',17,1,'2022-10-04 16:55:40.595846');
INSERT INTO django_admin_log VALUES(567,'73','galeria/Square71x71Logo.scale-200_contrast-black.png',3,'',17,1,'2022-10-04 16:55:40.684454');
INSERT INTO django_admin_log VALUES(568,'72','galeria/Square71x71Logo.scale-200_contrast-white.png',3,'',17,1,'2022-10-04 16:55:40.773009');
INSERT INTO django_admin_log VALUES(569,'71','galeria/Square150x150Logo.scale-200.png',3,'',17,1,'2022-10-04 16:55:40.861347');
INSERT INTO django_admin_log VALUES(570,'70','galeria/Square150x150Logo.scale-200_contrast-black.png',3,'',17,1,'2022-10-04 16:55:40.950005');
INSERT INTO django_admin_log VALUES(571,'69','galeria/Square150x150Logo.scale-200_contrast-white.png',3,'',17,1,'2022-10-04 16:55:41.038615');
INSERT INTO django_admin_log VALUES(572,'68','galeria/Square44x44Logo.targetsize-256_altform-unplated_contrast-black_bXPlzMd.png',3,'',17,1,'2022-10-04 16:55:41.127181');
INSERT INTO django_admin_log VALUES(573,'67','galeria/Square44x44Logo.targetsize-256_altform-unplated_contrast-white_9jPAD1y.png',3,'',17,1,'2022-10-04 16:55:41.215738');
INSERT INTO django_admin_log VALUES(574,'66','galeria/Square44x44Logo.targetsize-256_contrast-black_a87I0Ic.png',3,'',17,1,'2022-10-04 16:55:41.304259');
INSERT INTO django_admin_log VALUES(575,'65','galeria/Square44x44Logo.targetsize-256_contrast-white_06crs92.png',3,'',17,1,'2022-10-04 16:55:41.392947');
INSERT INTO django_admin_log VALUES(576,'64','galeria/Square44x44Logo.targetsize-256_altform-unplated_contrast-black_fZ0g6tM.png',3,'',17,1,'2022-10-04 16:55:41.488955');
INSERT INTO django_admin_log VALUES(577,'63','galeria/Square44x44Logo.targetsize-256_altform-unplated_contrast-white_Sp3E6oG.png',3,'',17,1,'2022-10-04 16:55:41.566567');
INSERT INTO django_admin_log VALUES(578,'62','galeria/Square44x44Logo.targetsize-256_contrast-black_RBqGgmv.png',3,'',17,1,'2022-10-04 16:55:41.644181');
INSERT INTO django_admin_log VALUES(579,'61','galeria/Square44x44Logo.targetsize-256_contrast-white_BufeUNQ.png',3,'',17,1,'2022-10-04 16:55:41.721667');
INSERT INTO django_admin_log VALUES(580,'60','galeria/Square44x44Logo.targetsize-256_altform-unplated_contrast-black_V2z1kXg.png',3,'',17,1,'2022-10-04 16:55:41.821380');
INSERT INTO django_admin_log VALUES(581,'59','galeria/Square44x44Logo.targetsize-256_altform-unplated_contrast-white_5F9cQUF.png',3,'',17,1,'2022-10-04 16:55:42.001243');
INSERT INTO django_admin_log VALUES(582,'58','galeria/Square44x44Logo.targetsize-256_contrast-black_2OIjfan.png',3,'',17,1,'2022-10-04 16:55:42.089687');
INSERT INTO django_admin_log VALUES(583,'57','galeria/Square44x44Logo.targetsize-256_contrast-white_UqElmz3.png',3,'',17,1,'2022-10-04 16:55:42.178739');
INSERT INTO django_admin_log VALUES(584,'56','galeria/Square44x44Logo.targetsize-256_altform-unplated_contrast-black_xV2PMEf.png',3,'',17,1,'2022-10-04 16:55:42.267426');
INSERT INTO django_admin_log VALUES(585,'55','galeria/Square44x44Logo.targetsize-256_altform-unplated_contrast-white_GTc3Mfg.png',3,'',17,1,'2022-10-04 16:55:42.330538');
INSERT INTO django_admin_log VALUES(586,'54','galeria/Square44x44Logo.targetsize-256_contrast-black_inpdzax.png',3,'',17,1,'2022-10-04 16:55:42.396990');
INSERT INTO django_admin_log VALUES(587,'53','galeria/Square44x44Logo.targetsize-256_contrast-white_XDzTRqM.png',3,'',17,1,'2022-10-04 16:55:42.463375');
INSERT INTO django_admin_log VALUES(588,'52','galeria/Square44x44Logo.targetsize-256_altform-unplated_contrast-black_dCM9Ahj.png',3,'',17,1,'2022-10-04 16:55:42.543640');
INSERT INTO django_admin_log VALUES(589,'51','galeria/Square44x44Logo.targetsize-256_altform-unplated_contrast-white_ajMEXN0.png',3,'',17,1,'2022-10-04 16:55:42.621174');
INSERT INTO django_admin_log VALUES(590,'50','galeria/Square44x44Logo.targetsize-256_contrast-black_pGWTbYB.png',3,'',17,1,'2022-10-04 16:55:42.699140');
INSERT INTO django_admin_log VALUES(591,'49','galeria/Square44x44Logo.targetsize-256_contrast-white_SVA12lq.png',3,'',17,1,'2022-10-04 16:55:42.776597');
INSERT INTO django_admin_log VALUES(592,'48','galeria/Square44x44Logo.targetsize-256_altform-unplated_contrast-black_buwVLYq.png',3,'',17,1,'2022-10-04 16:55:42.854049');
INSERT INTO django_admin_log VALUES(593,'47','galeria/Square44x44Logo.targetsize-256_altform-unplated_contrast-white_myz1bn7.png',3,'',17,1,'2022-10-04 16:55:42.942561');
INSERT INTO django_admin_log VALUES(594,'46','galeria/Square44x44Logo.targetsize-256_contrast-black_aivVvwl.png',3,'',17,1,'2022-10-04 16:55:43.020170');
INSERT INTO django_admin_log VALUES(595,'45','galeria/Square44x44Logo.targetsize-256_contrast-white_6wMhrlh.png',3,'',17,1,'2022-10-04 16:55:43.097725');
INSERT INTO django_admin_log VALUES(596,'44','galeria/Square44x44Logo.targetsize-256_altform-unplated_contrast-black_TeNHZLk.png',3,'',17,1,'2022-10-04 16:55:43.175134');
INSERT INTO django_admin_log VALUES(597,'43','galeria/Square44x44Logo.targetsize-256_altform-unplated_contrast-white_iShKwcx.png',3,'',17,1,'2022-10-04 16:55:43.252847');
INSERT INTO django_admin_log VALUES(598,'42','galeria/Square44x44Logo.targetsize-256_contrast-black_kJZt51i.png',3,'',17,1,'2022-10-04 16:55:43.330046');
INSERT INTO django_admin_log VALUES(599,'41','galeria/Square44x44Logo.targetsize-256_contrast-white_RlC0KRy.png',3,'',17,1,'2022-10-04 16:55:43.435947');
INSERT INTO django_admin_log VALUES(600,'40','galeria/Square44x44Logo.targetsize-256_altform-unplated_contrast-black_m8lWs7x.png',3,'',17,1,'2022-10-04 16:55:43.507000');
INSERT INTO django_admin_log VALUES(601,'39','galeria/Square44x44Logo.targetsize-256_altform-unplated_contrast-white_mIatoC6.png',3,'',17,1,'2022-10-04 16:55:43.828157');
INSERT INTO django_admin_log VALUES(602,'38','galeria/Square44x44Logo.targetsize-256_contrast-black_Z7Y7DWY.png',3,'',17,1,'2022-10-04 16:55:44.311373');
INSERT INTO django_admin_log VALUES(603,'37','galeria/Square44x44Logo.targetsize-256_contrast-white_a1WfcDu.png',3,'',17,1,'2022-10-04 16:55:44.481400');
INSERT INTO django_admin_log VALUES(604,'36','galeria/Square44x44Logo.targetsize-256_altform-unplated_contrast-black.png',3,'',17,1,'2022-10-04 16:55:44.569922');
INSERT INTO django_admin_log VALUES(605,'35','galeria/Square44x44Logo.targetsize-256_altform-unplated_contrast-white.png',3,'',17,1,'2022-10-04 16:55:44.647322');
INSERT INTO django_admin_log VALUES(606,'34','galeria/Square44x44Logo.targetsize-256_contrast-black.png',3,'',17,1,'2022-10-04 16:55:44.736046');
INSERT INTO django_admin_log VALUES(607,'33','galeria/Square44x44Logo.targetsize-256_contrast-white.png',3,'',17,1,'2022-10-04 16:55:44.835688');
INSERT INTO django_admin_log VALUES(608,'32','galeria/StoreLogo.scale-200_contrast-white_MymWvA0.png',3,'',17,1,'2022-10-04 16:55:44.924369');
INSERT INTO django_admin_log VALUES(609,'31','galeria/Wide310x150Logo.scale-200_TtVe1eK.png',3,'',17,1,'2022-10-04 16:55:45.012895');
INSERT INTO django_admin_log VALUES(610,'30','galeria/Wide310x150Logo.scale-200_contrast-black_jqbkvkQ.png',3,'',17,1,'2022-10-04 16:55:45.101440');
INSERT INTO django_admin_log VALUES(611,'29','galeria/Wide310x150Logo.scale-200_contrast-white_uejbbhs.png',3,'',17,1,'2022-10-04 16:55:45.189851');
INSERT INTO django_admin_log VALUES(612,'105','2022-10-17',3,'',16,1,'2022-10-04 17:19:00.790564');
INSERT INTO django_admin_log VALUES(613,'104','2022-10-17',3,'',16,1,'2022-10-04 17:19:00.954517');
INSERT INTO django_admin_log VALUES(614,'103','2022-10-17',3,'',16,1,'2022-10-04 17:19:01.128187');
INSERT INTO django_admin_log VALUES(615,'396','galeria/2022-2023/Jambo/2022-10-17/5.png',3,'',17,1,'2022-10-04 17:19:28.469749');
INSERT INTO django_admin_log VALUES(616,'395','galeria/2022-2023/Jambo/2022-10-17/4.png',3,'',17,1,'2022-10-04 17:19:28.593263');
INSERT INTO django_admin_log VALUES(617,'394','galeria/2022-2023/Jambo/2022-10-17/3.png',3,'',17,1,'2022-10-04 17:19:28.670821');
INSERT INTO django_admin_log VALUES(618,'393','galeria/2022-2023/Jambo/2022-10-17/2.png',3,'',17,1,'2022-10-04 17:19:28.748032');
INSERT INTO django_admin_log VALUES(619,'392','galeria/2022-2023/Jambo/2022-10-17/1.png',3,'',17,1,'2022-10-04 17:19:28.950663');
INSERT INTO django_admin_log VALUES(620,'391','galeria/2022-2023/Jambo/2022-10-17/0.png',3,'',17,1,'2022-10-04 17:19:29.028100');
INSERT INTO django_admin_log VALUES(621,'390','galeria/2022-2023/Medianos/2022-10-17/5.png',3,'',17,1,'2022-10-04 17:19:29.105558');
INSERT INTO django_admin_log VALUES(622,'389','galeria/2022-2023/Medianos/2022-10-17/4.png',3,'',17,1,'2022-10-04 17:19:29.183169');
INSERT INTO django_admin_log VALUES(623,'388','galeria/2022-2023/Medianos/2022-10-17/3.png',3,'',17,1,'2022-10-04 17:19:29.260666');
INSERT INTO django_admin_log VALUES(624,'387','galeria/2022-2023/Medianos/2022-10-17/2.png',3,'',17,1,'2022-10-04 17:19:29.334783');
INSERT INTO django_admin_log VALUES(625,'386','galeria/2022-2023/Medianos/2022-10-17/1.png',3,'',17,1,'2022-10-04 17:19:29.412342');
INSERT INTO django_admin_log VALUES(626,'385','galeria/2022-2023/Medianos/2022-10-17/0.png',3,'',17,1,'2022-10-04 17:19:29.526082');
INSERT INTO django_admin_log VALUES(627,'384','galeria/2022-2023/Peques/2022-10-17/5.png',3,'',17,1,'2022-10-04 17:19:29.603782');
INSERT INTO django_admin_log VALUES(628,'383','galeria/2022-2023/Peques/2022-10-17/4.png',3,'',17,1,'2022-10-04 17:19:29.681360');
INSERT INTO django_admin_log VALUES(629,'382','galeria/2022-2023/Peques/2022-10-17/3.png',3,'',17,1,'2022-10-04 17:19:29.758839');
INSERT INTO django_admin_log VALUES(630,'381','galeria/2022-2023/Peques/2022-10-17/2.png',3,'',17,1,'2022-10-04 17:19:29.847398');
INSERT INTO django_admin_log VALUES(631,'380','galeria/2022-2023/Peques/2022-10-17/1.png',3,'',17,1,'2022-10-04 17:19:29.924951');
INSERT INTO django_admin_log VALUES(632,'379','galeria/2022-2023/Peques/2022-10-17/0.png',3,'',17,1,'2022-10-04 17:19:30.002241');
INSERT INTO django_admin_log VALUES(633,'4','Jambo',3,'',13,1,'2022-10-04 18:29:36.577213');
INSERT INTO django_admin_log VALUES(634,'3','Mayores',3,'',13,1,'2022-10-04 18:29:36.752637');
INSERT INTO django_admin_log VALUES(635,'2','Medianos',3,'',13,1,'2022-10-04 18:29:36.840917');
INSERT INTO django_admin_log VALUES(636,'1','Peques',3,'',13,1,'2022-10-04 18:29:36.940670');
INSERT INTO django_admin_log VALUES(637,'1','2022-2023',3,'',18,1,'2022-10-04 18:35:11.210179');
INSERT INTO django_admin_log VALUES(638,'106','2022-10-03 None',3,'',16,1,'2022-10-04 18:35:34.982297');
INSERT INTO django_admin_log VALUES(639,'2','2022-2023',1,'[{"added": {}}]',18,1,'2022-10-04 18:37:27.878761');
INSERT INTO django_admin_log VALUES(640,'5','peques2022-2023',1,'[{"added": {}}]',13,1,'2022-10-04 18:37:54.304620');
INSERT INTO django_admin_log VALUES(641,'6','medianos2022-2023',1,'[{"added": {}}]',13,1,'2022-10-04 18:38:00.961469');
INSERT INTO django_admin_log VALUES(642,'7','mayores2022-2023',1,'[{"added": {}}]',13,1,'2022-10-04 18:38:08.509012');
INSERT INTO django_admin_log VALUES(643,'8','jambo2022-2023',1,'[{"added": {}}]',13,1,'2022-10-04 18:38:14.161564');
INSERT INTO django_admin_log VALUES(644,'107','2022-10-18 None',3,'',16,1,'2022-10-04 18:48:34.372412');
INSERT INTO django_admin_log VALUES(645,'112','2022-10-13 Jambo 2022-2023',3,'',16,1,'2022-10-05 11:04:26.903430');
INSERT INTO django_admin_log VALUES(646,'111','2022-10-13 Mayores 2022-2023',3,'',16,1,'2022-10-05 11:04:27.017837');
INSERT INTO django_admin_log VALUES(647,'110','2022-10-13 Peques 2022-2023',3,'',16,1,'2022-10-05 11:04:27.183603');
INSERT INTO django_admin_log VALUES(648,'109','2022-10-18 Medianos 2022-2023',3,'',16,1,'2022-10-05 11:04:27.272277');
INSERT INTO django_admin_log VALUES(649,'108','2022-10-18 Peques 2022-2023',3,'',16,1,'2022-10-05 11:04:27.360802');
INSERT INTO django_admin_log VALUES(650,'115','2022-10-27 Mayores 2022-2023',3,'',16,1,'2022-10-05 13:00:30.443553');
INSERT INTO django_admin_log VALUES(651,'114','2022-10-27 Medianos 2022-2023',3,'',16,1,'2022-10-05 13:00:30.618589');
INSERT INTO django_admin_log VALUES(652,'113','2022-10-27 Peques 2022-2023',3,'',16,1,'2022-10-05 13:00:30.685085');
INSERT INTO django_admin_log VALUES(655,'6','crearActividad',1,'[{"added": {}}]',3,1,'2022-10-17 11:41:40.689462');
INSERT INTO django_admin_log VALUES(656,'1','yamboAdmin',2,'[{"changed": {"fields": ["Groups"]}}]',4,1,'2022-10-17 11:41:50.759121');
INSERT INTO django_admin_log VALUES(657,'118','2022-10-05 Mayores 2022-2023',3,'',16,1,'2022-10-18 09:07:14.785933');
INSERT INTO django_admin_log VALUES(658,'117','2022-10-05 Medianos 2022-2023',3,'',16,1,'2022-10-18 09:07:14.885173');
INSERT INTO django_admin_log VALUES(659,'116','2022-10-05 Peques 2022-2023',3,'',16,1,'2022-10-18 09:07:14.951351');
INSERT INTO django_admin_log VALUES(660,'121','2022-10-05 Mayores 2022-2023',3,'',16,1,'2022-10-18 09:12:36.635291');
INSERT INTO django_admin_log VALUES(661,'120','2022-10-05 Medianos 2022-2023',3,'',16,1,'2022-10-18 09:12:36.745903');
INSERT INTO django_admin_log VALUES(662,'119','2022-10-05 Peques 2022-2023',3,'',16,1,'2022-10-18 09:12:36.820387');
INSERT INTO django_admin_log VALUES(663,'125','2022-10-05 Jambo 2022-2023',3,'',16,1,'2022-10-18 09:15:49.961263');
INSERT INTO django_admin_log VALUES(664,'124','2022-10-05 Mayores 2022-2023',3,'',16,1,'2022-10-18 09:15:50.074058');
INSERT INTO django_admin_log VALUES(665,'123','2022-10-05 Medianos 2022-2023',3,'',16,1,'2022-10-18 09:15:50.139803');
INSERT INTO django_admin_log VALUES(666,'122','2022-10-05 Peques 2022-2023',3,'',16,1,'2022-10-18 09:15:50.205965');
INSERT INTO django_admin_log VALUES(667,'129','2022-10-05 Jambo 2022-2023',3,'',16,1,'2022-10-18 09:18:39.849112');
INSERT INTO django_admin_log VALUES(668,'128','2022-10-05 Mayores 2022-2023',3,'',16,1,'2022-10-18 09:18:40.009997');
INSERT INTO django_admin_log VALUES(669,'127','2022-10-05 Medianos 2022-2023',3,'',16,1,'2022-10-18 09:18:40.075667');
INSERT INTO django_admin_log VALUES(670,'126','2022-10-05 Peques 2022-2023',3,'',16,1,'2022-10-18 09:18:40.142008');
INSERT INTO django_admin_log VALUES(671,'48',' None',3,'',17,1,'2022-10-18 09:19:02.643966');
INSERT INTO django_admin_log VALUES(672,'132','2022-10-05 None',3,'',16,1,'2022-10-18 09:22:58.777651');
INSERT INTO django_admin_log VALUES(673,'131','2022-10-05 Medianos 2022-2023',3,'',16,1,'2022-10-18 09:22:58.871021');
INSERT INTO django_admin_log VALUES(674,'130','2022-10-05 Peques 2022-2023',3,'',16,1,'2022-10-18 09:22:58.948281');
INSERT INTO django_admin_log VALUES(675,'74','galeria/2022-2023/peques/2022-10-05/1.jpg 2022-10-05 Peques 2022-2023',2,'[]',17,1,'2022-10-18 09:25:49.648579');
INSERT INTO django_admin_log VALUES(676,'138','2022-10-15 Medianos 2022-2023',3,'',16,1,'2022-10-18 09:52:04.440558');
INSERT INTO django_admin_log VALUES(677,'137','2022-10-15 Peques 2022-2023',3,'',16,1,'2022-10-18 09:52:04.557355');
INSERT INTO django_admin_log VALUES(678,'136','2022-10-05 Jambo 2022-2023',3,'',16,1,'2022-10-18 09:52:04.623335');
INSERT INTO django_admin_log VALUES(679,'135','2022-10-05 Mayores 2022-2023',3,'',16,1,'2022-10-18 09:52:04.686884');
INSERT INTO django_admin_log VALUES(680,'134','2022-10-05 Medianos 2022-2023',3,'',16,1,'2022-10-18 09:52:04.744680');
INSERT INTO django_admin_log VALUES(681,'133','2022-10-05 Peques 2022-2023',3,'',16,1,'2022-10-18 09:52:04.799983');
INSERT INTO django_admin_log VALUES(682,'4','IRENE',3,'',7,1,'2022-10-18 09:52:12.068766');
INSERT INTO django_admin_log VALUES(683,'3','PAULA',3,'',7,1,'2022-10-18 09:52:12.151129');
INSERT INTO django_admin_log VALUES(684,'2','MJA',3,'',7,1,'2022-10-18 09:52:12.217511');
INSERT INTO django_admin_log VALUES(685,'1','SAMU',3,'',7,1,'2022-10-18 09:52:12.294108');
INSERT INTO django_admin_log VALUES(686,'8','Jambo 2022-2023',3,'',13,1,'2022-10-18 09:55:04.538994');
INSERT INTO django_admin_log VALUES(687,'7','Mayores 2022-2023',3,'',13,1,'2022-10-18 09:55:04.642850');
INSERT INTO django_admin_log VALUES(688,'6','Medianos 2022-2023',3,'',13,1,'2022-10-18 09:55:04.697955');
INSERT INTO django_admin_log VALUES(689,'5','Peques 2022-2023',3,'',13,1,'2022-10-18 09:55:04.775551');
INSERT INTO django_admin_log VALUES(690,'9','Peques 2022-2023',1,'[{"added": {}}]',13,1,'2022-10-18 09:55:15.854023');
INSERT INTO django_admin_log VALUES(691,'10','Medianos 2022-2023',1,'[{"added": {}}]',13,1,'2022-10-18 09:55:22.786658');
INSERT INTO django_admin_log VALUES(692,'11','Mayores 2022-2023',1,'[{"added": {}}]',13,1,'2022-10-18 09:55:34.252062');
INSERT INTO django_admin_log VALUES(693,'12','Jambo 2022-2023',1,'[{"added": {}}]',13,1,'2022-10-18 09:55:39.623012');
INSERT INTO django_admin_log VALUES(694,'3','medianos',3,'',8,1,'2022-10-18 09:56:13.190055');
INSERT INTO django_admin_log VALUES(695,'2','mayores',3,'',8,1,'2022-10-18 09:56:13.298772');
INSERT INTO django_admin_log VALUES(696,'1','peques',3,'',8,1,'2022-10-18 09:56:13.376131');
INSERT INTO django_admin_log VALUES(697,'1','peques',1,'[{"added": {}}]',8,1,'2022-10-18 09:59:45.594838');
INSERT INTO django_admin_log VALUES(698,'2','medianos',1,'[{"added": {}}]',8,1,'2022-10-18 09:59:49.811185');
INSERT INTO django_admin_log VALUES(699,'3','mayores',1,'[{"added": {}}]',8,1,'2022-10-18 09:59:54.345281');
INSERT INTO django_admin_log VALUES(700,'4','jambo',1,'[{"added": {}}]',8,1,'2022-10-18 09:59:57.781322');
INSERT INTO django_admin_log VALUES(701,'5','Paula',1,'[{"added": {}}]',7,1,'2022-10-19 07:28:22.773044');
INSERT INTO django_admin_log VALUES(702,'6','Luz',1,'[{"added": {}}]',7,1,'2022-10-19 07:30:08.038607');
INSERT INTO django_admin_log VALUES(703,'7','Lukas',1,'[{"added": {}}]',7,1,'2022-10-19 07:31:18.907616');
INSERT INTO django_admin_log VALUES(704,'8','Irene',1,'[{"added": {}}]',7,1,'2022-10-19 07:37:05.539249');
INSERT INTO django_admin_log VALUES(705,'9','Samu',1,'[{"added": {}}]',7,1,'2022-10-19 07:38:27.633939');
INSERT INTO django_admin_log VALUES(706,'10','Jose Alberto',1,'[{"added": {}}]',7,1,'2022-10-19 07:39:42.423833');
INSERT INTO django_admin_log VALUES(707,'11','Carlota',1,'[{"added": {}}]',7,1,'2022-10-19 07:41:14.623077');
INSERT INTO django_admin_log VALUES(708,'12','Javi',1,'[{"added": {}}]',7,1,'2022-10-19 07:42:29.358715');
INSERT INTO django_admin_log VALUES(709,'13','Mateo',1,'[{"added": {}}]',7,1,'2022-10-19 07:43:59.011528');
INSERT INTO django_admin_log VALUES(710,'14','Mini campi',1,'[{"added": {}}]',7,1,'2022-10-19 07:47:56.101184');
INSERT INTO django_admin_log VALUES(711,'15','Paloma',1,'[{"added": {}}]',7,1,'2022-10-19 07:49:22.961186');
INSERT INTO django_admin_log VALUES(712,'10','Medianos 2022-2023',2,'[{"changed": {"fields": ["Nombre"]}}]',13,1,'2022-10-19 18:42:40.787053');
INSERT INTO django_admin_log VALUES(713,'69',' None',3,'',17,1,'2022-10-19 18:43:26.443457');
INSERT INTO django_admin_log VALUES(714,'1','yamboAdmin',2,'[{"changed": {"fields": ["Groups"]}}]',4,1,'2022-11-20 16:38:05.047223');
INSERT INTO django_admin_log VALUES(715,'2','admin',3,'',4,1,'2022-11-20 16:38:26.313411');
INSERT INTO django_admin_log VALUES(716,'142','2023-11-22 Jambo 2022-2023',3,'',16,1,'2022-11-20 16:41:13.825765');
INSERT INTO django_admin_log VALUES(717,'141','2023-11-22 Mayores 2022-2023',3,'',16,1,'2022-11-20 16:41:13.942780');
INSERT INTO django_admin_log VALUES(718,'140','2023-11-22 Medianos 2022-2023',3,'',16,1,'2022-11-20 16:41:14.034458');
INSERT INTO django_admin_log VALUES(719,'139','2023-11-22 Peques 2022-2023',3,'',16,1,'2022-11-20 16:41:14.124435');
INSERT INTO django_admin_log VALUES(720,'16','Javier',1,'[{"added": {}}]',7,1,'2022-11-20 16:48:26.487237');
INSERT INTO django_admin_log VALUES(721,'16','Javier',2,'[{"changed": {"fields": ["Img"]}}]',7,1,'2022-11-20 16:52:54.716525');
INSERT INTO django_admin_log VALUES(722,'16','Javier',2,'[{"changed": {"fields": ["Img"]}}]',7,1,'2022-11-20 16:54:17.763408');
INSERT INTO django_admin_log VALUES(723,'1','Autorización Salida 12/05-2023/05/07',1,'[{"added": {}}]',20,1,'2023-05-07 19:03:40.684005');
INSERT INTO django_admin_log VALUES(724,'155','2022-11-04 Jambo 2022-2023',3,'',16,1,'2023-06-10 13:22:08.143076');
INSERT INTO django_admin_log VALUES(725,'154','2022-11-04 Mayores 2022-2023',3,'',16,1,'2023-06-10 13:22:08.663581');
INSERT INTO django_admin_log VALUES(726,'153','2022-11-04 Medianos 2022-2023',3,'',16,1,'2023-06-10 13:22:08.763414');
INSERT INTO django_admin_log VALUES(727,'158','2023-06-13 Peques 2022-2023',3,'',16,1,'2023-06-11 21:01:38.727894');
INSERT INTO django_admin_log VALUES(728,'159','2023-06-12 Peques 2022-2023',3,'',16,1,'2023-06-11 21:15:36.584289');
INSERT INTO django_admin_log VALUES(729,'160','2023-06-11 Peques 2022-2023',3,'',16,1,'2023-06-11 21:19:37.127620');
INSERT INTO django_admin_log VALUES(730,'161','2023-06-12 Peques 2022-2023',3,'',16,1,'2023-06-11 21:36:54.337928');
INSERT INTO django_admin_log VALUES(731,'15','Paloma',3,'',7,1,'2023-09-13 11:20:52.973534');
INSERT INTO django_admin_log VALUES(732,'13','Mateo',3,'',7,1,'2023-09-13 11:20:53.102152');
INSERT INTO django_admin_log VALUES(733,'12','Javi',3,'',7,1,'2023-09-13 11:20:53.190620');
INSERT INTO django_admin_log VALUES(734,'10','Jose Alberto',3,'',7,1,'2023-09-13 11:20:53.268140');
INSERT INTO django_admin_log VALUES(735,'6','Luz',3,'',7,1,'2023-09-13 11:20:53.345663');
INSERT INTO django_admin_log VALUES(736,'16','Javier',2,'[{"changed": {"fields": ["Grupos"]}}]',7,1,'2023-09-13 11:21:00.516267');
INSERT INTO django_admin_log VALUES(737,'1','Autorización Salida 12/05-2023/05/07',3,'',20,1,'2023-09-17 15:04:30.432716');
INSERT INTO django_admin_log VALUES(738,'163','2023-06-10 None',3,'',16,1,'2023-09-17 15:05:08.364773');
INSERT INTO django_admin_log VALUES(739,'162','2023-06-10 Peques 2022-2023',3,'',16,1,'2023-09-17 15:05:08.486347');
INSERT INTO django_admin_log VALUES(740,'157','2022-11-04 Mayores 2022-2023',3,'',16,1,'2023-09-17 15:05:08.592912');
INSERT INTO django_admin_log VALUES(741,'156','2022-11-04 Medianos 2022-2023',3,'',16,1,'2023-09-17 15:05:08.703561');
INSERT INTO django_admin_log VALUES(742,'152','2022-11-04 Peques 2022-2023',3,'',16,1,'2023-09-17 15:05:08.792267');
INSERT INTO django_admin_log VALUES(743,'151','2023-06-09 Mayores 2022-2023',3,'',16,1,'2023-09-17 15:05:08.905811');
INSERT INTO django_admin_log VALUES(744,'150','2023-06-09 Medianos 2022-2023',3,'',16,1,'2023-09-17 15:05:09.016520');
INSERT INTO django_admin_log VALUES(745,'149','2023-06-09 Peques 2022-2023',3,'',16,1,'2023-09-17 15:05:09.127405');
INSERT INTO django_admin_log VALUES(746,'148','2022-11-11 Mayores 2022-2023',3,'',16,1,'2023-09-17 15:05:09.235045');
INSERT INTO django_admin_log VALUES(747,'147','2022-11-11 Medianos 2022-2023',3,'',16,1,'2023-09-17 15:05:09.345800');
INSERT INTO django_admin_log VALUES(748,'146','2022-11-11 Peques 2022-2023',3,'',16,1,'2023-09-17 15:05:09.456400');
INSERT INTO django_admin_log VALUES(749,'145','2023-05-05 Mayores 2022-2023',3,'',16,1,'2023-09-17 15:05:09.567156');
INSERT INTO django_admin_log VALUES(750,'144','2023-05-05 Medianos 2022-2023',3,'',16,1,'2023-09-17 15:05:09.677904');
INSERT INTO django_admin_log VALUES(751,'143','2023-05-05 Peques 2022-2023',3,'',16,1,'2023-09-17 15:05:09.788548');
INSERT INTO django_admin_log VALUES(752,'2','Jornada Puertas Abiertas-2023/11/12',1,'[{"added": {}}]',20,1,'2023-11-12 09:26:23.081549');
INSERT INTO django_admin_log VALUES(753,'3','Actividades Abiertas-2023/11/12',1,'[{"added": {}}]',20,1,'2023-11-12 09:26:59.766794');
INSERT INTO django_admin_log VALUES(754,'16','Javier',2,'[]',7,1,'2023-11-29 19:26:39.335905');
INSERT INTO django_admin_log VALUES(755,'7','Lukas',2,'[{"changed": {"fields": ["Grupos"]}}]',7,1,'2023-11-29 19:26:50.578359');
INSERT INTO django_admin_log VALUES(756,'9','Samu',2,'[]',7,1,'2023-11-29 19:28:23.839307');
INSERT INTO django_admin_log VALUES(757,'5','Coordinacion',1,'[{"added": {}}]',8,1,'2023-11-29 19:28:57.241408');
INSERT INTO django_admin_log VALUES(758,'9','Samu',2,'[{"changed": {"fields": ["Grupos"]}}]',7,1,'2023-11-29 19:29:07.828014');
INSERT INTO django_admin_log VALUES(759,'5','coordinacion',2,'[{"changed": {"fields": ["Nombre"]}}]',8,1,'2023-11-29 19:29:23.444478');
INSERT INTO django_admin_log VALUES(760,'164','15-12-2023 Jambo 2022-2023',1,'[{"added": {}}]',16,1,'2023-12-16 16:37:49.618263');
INSERT INTO django_admin_log VALUES(761,'3','2023-2024',1,'[{"added": {}}]',19,1,'2023-12-16 16:39:02.678953');
INSERT INTO django_admin_log VALUES(762,'12','Jambo 2023-2024',2,'[{"changed": {"fields": ["Year"]}}]',13,1,'2023-12-16 16:39:39.014025');
INSERT INTO django_admin_log VALUES(763,'11','Mayores 2023-2024',2,'[{"changed": {"fields": ["Year"]}}]',13,1,'2023-12-16 16:39:43.777356');
INSERT INTO django_admin_log VALUES(764,'10','Medianos 2023-2024',2,'[{"changed": {"fields": ["Year"]}}]',13,1,'2023-12-16 16:39:48.755170');
INSERT INTO django_admin_log VALUES(765,'9','Peques 2023-2024',2,'[{"changed": {"fields": ["Year"]}}]',13,1,'2023-12-16 16:39:53.533952');
INSERT INTO django_admin_log VALUES(766,'181',' None',3,'',21,1,'2023-12-16 16:40:28.197737');
INSERT INTO django_admin_log VALUES(767,'182','1 15-12-2023 Jambo 2023-2024',1,'[{"added": {}}]',21,1,'2023-12-16 16:41:46.157273');
INSERT INTO django_admin_log VALUES(768,'183','2 15-12-2023 Jambo 2023-2024',1,'[{"added": {}}]',21,1,'2023-12-16 16:42:06.892637');
INSERT INTO django_admin_log VALUES(769,'184','3 15-12-2023 Jambo 2023-2024',1,'[{"added": {}}]',21,1,'2023-12-16 16:42:52.557270');
INSERT INTO django_admin_log VALUES(770,'185','4 15-12-2023 Jambo 2023-2024',1,'[{"added": {}}]',21,1,'2023-12-16 16:43:10.108653');
INSERT INTO django_admin_log VALUES(771,'186','5 15-12-2023 Jambo 2023-2024',1,'[{"added": {}}]',21,1,'2023-12-16 16:43:28.418596');
INSERT INTO django_admin_log VALUES(772,'187','6 15-12-2023 Jambo 2023-2024',1,'[{"added": {}}]',21,1,'2023-12-16 16:43:59.750030');
INSERT INTO django_admin_log VALUES(773,'17','Ekiñe',1,'[{"added": {}}]',7,1,'2024-02-19 12:58:40.528151');
INSERT INTO django_admin_log VALUES(774,'18','Lucía',1,'[{"added": {}}]',7,1,'2024-02-19 19:11:41.413988');
INSERT INTO django_admin_log VALUES(775,'19','Laura',1,'[{"added": {}}]',7,1,'2024-02-19 20:48:42.895373');
CREATE TABLE IF NOT EXISTS "django_content_type" ("id" integer NOT NULL PRIMARY KEY AUTOINCREMENT, "app_label" varchar(100) NOT NULL, "model" varchar(100) NOT NULL);
INSERT INTO django_content_type VALUES(1,'admin','logentry');
INSERT INTO django_content_type VALUES(2,'auth','permission');
INSERT INTO django_content_type VALUES(3,'auth','group');
INSERT INTO django_content_type VALUES(4,'auth','user');
INSERT INTO django_content_type VALUES(5,'contenttypes','contenttype');
INSERT INTO django_content_type VALUES(6,'sessions','session');
INSERT INTO django_content_type VALUES(7,'monitores','monitor');
INSERT INTO django_content_type VALUES(8,'monitores','grupo');
INSERT INTO django_content_type VALUES(9,'inicio','proyecto');
INSERT INTO django_content_type VALUES(10,'galeria','multipleimage');
INSERT INTO django_content_type VALUES(11,'galeria','post');
INSERT INTO django_content_type VALUES(12,'galeria','postimage');
INSERT INTO django_content_type VALUES(13,'galeria','grupo');
INSERT INTO django_content_type VALUES(14,'galeria','monitor');
INSERT INTO django_content_type VALUES(15,'galeria','image');
INSERT INTO django_content_type VALUES(16,'galeria','actividad');
INSERT INTO django_content_type VALUES(17,'galeria','imagen');
INSERT INTO django_content_type VALUES(18,'galeria','año');
INSERT INTO django_content_type VALUES(19,'galeria','year');
INSERT INTO django_content_type VALUES(20,'documentos','documento');
INSERT INTO django_content_type VALUES(21,'galeria','media');
CREATE TABLE IF NOT EXISTS "auth_permission" ("id" integer NOT NULL PRIMARY KEY AUTOINCREMENT, "content_type_id" integer NOT NULL REFERENCES "django_content_type" ("id") DEFERRABLE INITIALLY DEFERRED, "codename" varchar(100) NOT NULL, "name" varchar(255) NOT NULL);
INSERT INTO auth_permission VALUES(1,1,'add_logentry','Can add log entry');
INSERT INTO auth_permission VALUES(2,1,'change_logentry','Can change log entry');
INSERT INTO auth_permission VALUES(3,1,'delete_logentry','Can delete log entry');
INSERT INTO auth_permission VALUES(4,1,'view_logentry','Can view log entry');
INSERT INTO auth_permission VALUES(5,2,'add_permission','Can add permission');
INSERT INTO auth_permission VALUES(6,2,'change_permission','Can change permission');
INSERT INTO auth_permission VALUES(7,2,'delete_permission','Can delete permission');
INSERT INTO auth_permission VALUES(8,2,'view_permission','Can view permission');
INSERT INTO auth_permission VALUES(9,3,'add_group','Can add group');
INSERT INTO auth_permission VALUES(10,3,'change_group','Can change group');
INSERT INTO auth_permission VALUES(11,3,'delete_group','Can delete group');
INSERT INTO auth_permission VALUES(12,3,'view_group','Can view group');
INSERT INTO auth_permission VALUES(13,4,'add_user','Can add user');
INSERT INTO auth_permission VALUES(14,4,'change_user','Can change user');
INSERT INTO auth_permission VALUES(15,4,'delete_user','Can delete user');
INSERT INTO auth_permission VALUES(16,4,'view_user','Can view user');
INSERT INTO auth_permission VALUES(17,5,'add_contenttype','Can add content type');
INSERT INTO auth_permission VALUES(18,5,'change_contenttype','Can change content type');
INSERT INTO auth_permission VALUES(19,5,'delete_contenttype','Can delete content type');
INSERT INTO auth_permission VALUES(20,5,'view_contenttype','Can view content type');
INSERT INTO auth_permission VALUES(21,6,'add_session','Can add session');
INSERT INTO auth_permission VALUES(22,6,'change_session','Can change session');
INSERT INTO auth_permission VALUES(23,6,'delete_session','Can delete session');
INSERT INTO auth_permission VALUES(24,6,'view_session','Can view session');
INSERT INTO auth_permission VALUES(25,7,'add_monitor','Can add monitor');
INSERT INTO auth_permission VALUES(26,7,'change_monitor','Can change monitor');
INSERT INTO auth_permission VALUES(27,7,'delete_monitor','Can delete monitor');
INSERT INTO auth_permission VALUES(28,7,'view_monitor','Can view monitor');
INSERT INTO auth_permission VALUES(29,8,'add_grupo','Can add grupo');
INSERT INTO auth_permission VALUES(30,8,'change_grupo','Can change grupo');
INSERT INTO auth_permission VALUES(31,8,'delete_grupo','Can delete grupo');
INSERT INTO auth_permission VALUES(32,8,'view_grupo','Can view grupo');
INSERT INTO auth_permission VALUES(33,9,'add_proyecto','Can add proyecto');
INSERT INTO auth_permission VALUES(34,9,'change_proyecto','Can change proyecto');
INSERT INTO auth_permission VALUES(35,9,'delete_proyecto','Can delete proyecto');
INSERT INTO auth_permission VALUES(36,9,'view_proyecto','Can view proyecto');
INSERT INTO auth_permission VALUES(37,10,'add_multipleimage','Can add multiple image');
INSERT INTO auth_permission VALUES(38,10,'change_multipleimage','Can change multiple image');
INSERT INTO auth_permission VALUES(39,10,'delete_multipleimage','Can delete multiple image');
INSERT INTO auth_permission VALUES(40,10,'view_multipleimage','Can view multiple image');
INSERT INTO auth_permission VALUES(41,11,'add_post','Can add post');
INSERT INTO auth_permission VALUES(42,11,'change_post','Can change post');
INSERT INTO auth_permission VALUES(43,11,'delete_post','Can delete post');
INSERT INTO auth_permission VALUES(44,11,'view_post','Can view post');
INSERT INTO auth_permission VALUES(45,12,'add_postimage','Can add post image');
INSERT INTO auth_permission VALUES(46,12,'change_postimage','Can change post image');
INSERT INTO auth_permission VALUES(47,12,'delete_postimage','Can delete post image');
INSERT INTO auth_permission VALUES(48,12,'view_postimage','Can view post image');
INSERT INTO auth_permission VALUES(49,13,'add_grupo','Can add grupo');
INSERT INTO auth_permission VALUES(50,13,'change_grupo','Can change grupo');
INSERT INTO auth_permission VALUES(51,13,'delete_grupo','Can delete grupo');
INSERT INTO auth_permission VALUES(52,13,'view_grupo','Can view grupo');
INSERT INTO auth_permission VALUES(53,14,'add_monitor','Can add monitor');
INSERT INTO auth_permission VALUES(54,14,'change_monitor','Can change monitor');
INSERT INTO auth_permission VALUES(55,14,'delete_monitor','Can delete monitor');
INSERT INTO auth_permission VALUES(56,14,'view_monitor','Can view monitor');
INSERT INTO auth_permission VALUES(57,15,'add_image','Can add image');
INSERT INTO auth_permission VALUES(58,15,'change_image','Can change image');
INSERT INTO auth_permission VALUES(59,15,'delete_image','Can delete image');
INSERT INTO auth_permission VALUES(60,15,'view_image','Can view image');
INSERT INTO auth_permission VALUES(61,16,'add_actividad','Can add actividad');
INSERT INTO auth_permission VALUES(62,16,'change_actividad','Can change actividad');
INSERT INTO auth_permission VALUES(63,16,'delete_actividad','Can delete actividad');
INSERT INTO auth_permission VALUES(64,16,'view_actividad','Can view actividad');
INSERT INTO auth_permission VALUES(65,17,'add_imagen','Can add imagen');
INSERT INTO auth_permission VALUES(66,17,'change_imagen','Can change imagen');
INSERT INTO auth_permission VALUES(67,17,'delete_imagen','Can delete imagen');
INSERT INTO auth_permission VALUES(68,17,'view_imagen','Can view imagen');
INSERT INTO auth_permission VALUES(69,18,'add_año','Can add año');
INSERT INTO auth_permission VALUES(70,18,'change_año','Can change año');
INSERT INTO auth_permission VALUES(71,18,'delete_año','Can delete año');
INSERT INTO auth_permission VALUES(72,18,'view_año','Can view año');
INSERT INTO auth_permission VALUES(73,19,'add_year','Can add year');
INSERT INTO auth_permission VALUES(74,19,'change_year','Can change year');
INSERT INTO auth_permission VALUES(75,19,'delete_year','Can delete year');
INSERT INTO auth_permission VALUES(76,19,'view_year','Can view year');
INSERT INTO auth_permission VALUES(77,20,'add_documento','Can add documento');
INSERT INTO auth_permission VALUES(78,20,'change_documento','Can change documento');
INSERT INTO auth_permission VALUES(79,20,'delete_documento','Can delete documento');
INSERT INTO auth_permission VALUES(80,20,'view_documento','Can view documento');
INSERT INTO auth_permission VALUES(81,21,'add_media','Can add media');
INSERT INTO auth_permission VALUES(82,21,'change_media','Can change media');
INSERT INTO auth_permission VALUES(83,21,'delete_media','Can delete media');
INSERT INTO auth_permission VALUES(84,21,'view_media','Can view media');
CREATE TABLE IF NOT EXISTS "auth_group" ("id" integer NOT NULL PRIMARY KEY AUTOINCREMENT, "name" varchar(150) NOT NULL UNIQUE);
INSERT INTO auth_group VALUES(1,'jambo');
INSERT INTO auth_group VALUES(2,'yambo-peques');
INSERT INTO auth_group VALUES(3,'yambo-medianos');
INSERT INTO auth_group VALUES(4,'yambo-mayores');
INSERT INTO auth_group VALUES(5,'padre');
INSERT INTO auth_group VALUES(6,'crearActividad');
CREATE TABLE IF NOT EXISTS "auth_user" ("id" integer NOT NULL PRIMARY KEY AUTOINCREMENT, "password" varchar(128) NOT NULL, "last_login" datetime NULL, "is_superuser" bool NOT NULL, "username" varchar(150) NOT NULL UNIQUE, "last_name" varchar(150) NOT NULL, "email" varchar(254) NOT NULL, "is_staff" bool NOT NULL, "is_active" bool NOT NULL, "date_joined" datetime NOT NULL, "first_name" varchar(150) NOT NULL);
INSERT INTO auth_user VALUES(1,'pbkdf2_sha256$390000$6VMrmlhxpoPcsLpStd1zkj$Uv221SBqmgZuVZeE/c7IK9A0mXq6Xx9iGvFddjXdvpY=','2024-02-19 19:05:39.962490',1,'yamboAdmin','','webyambo@gmail.com',1,1,'2022-09-21 06:58:41','');
INSERT INTO auth_user VALUES(3,'pbkdf2_sha256$390000$dlHzCBehPs7Q0Sq9Phyy3f$hRizpmiHvE5GMBruzQ5XJkA8rp74vOhmwXZtXGQLcnw=','2024-02-21 23:58:17.115765',0,'padres_galeria','','',0,1,'2022-10-06 21:11:43.069216','');
CREATE TABLE IF NOT EXISTS "django_session" ("session_key" varchar(40) NOT NULL PRIMARY KEY, "session_data" text NOT NULL, "expire_date" datetime NOT NULL);
INSERT INTO django_session VALUES('x0xde1nsmn55m60g5z5pj6fckdwshk25','.eJxVjEEOwiAQRe_C2hBgBqe4dN8zEGYAWzVtUtqV8e7apAvd_vfef6mYtnWIWytLHLO6KKtOvxsneZRpB_meptusZZ7WZWS9K_qgTfdzLs_r4f4dDKkN39oTgDOVkTIideSM8QgMWIIERghJMkDHVoqXWuicnRNnIRHWGpjU-wO78jd1:1oauAR:vwwAoxePM2Z73xwE6jc8Icyw4cPihp7mSeVd0j9AHwo','2022-10-05 07:29:11.757508');
INSERT INTO django_session VALUES('c6ggudvm4edjbpmakl67zj01buo60rty','.eJxVjEEOwiAQRe_C2hBgBqe4dN8zEGYAWzVtUtqV8e7apAvd_vfef6mYtnWIWytLHLO6KKtOvxsneZRpB_meptusZZ7WZWS9K_qgTfdzLs_r4f4dDKkN39oTgDOVkTIideSM8QgMWIIERghJMkDHVoqXWuicnRNnIRHWGpjU-wO78jd1:1ocB43:DZqNSeoqmC-dwKYHtWlgNn3-O99aUEO4Ekwy7LEJfPs','2022-10-08 19:43:51.985353');
INSERT INTO django_session VALUES('mrkhbpt14cgukix5hbr4tjafbi30pv5v','.eJxVjDsOwjAQBe_iGln-xoaSPmew1rtrHECOFCcV4u4QKQW0b2beSyTY1pq2zkuaSFyEEaffLQM-uO2A7tBus8S5rcuU5a7Ig3Y5zsTP6-H-HVTo9Vv7HIwiDMYbKMUSU46sz1EXHZXLBgYgawubSBY1scsuBFQ4lMLOoRfvD_vTOLs:1oclGT:rqhmAMxacI8rFtaOn4uIx6roEbDlJZg2OBwcRKsG-ks','2022-10-10 10:23:05.150777');
INSERT INTO django_session VALUES('oyp62re8igwqetnkogp43euq0x8qd3y8','.eJxVjEEOwiAQRe_C2hBgBqe4dN8zEGYAWzVtUtqV8e7apAvd_vfef6mYtnWIWytLHLO6KKtOvxsneZRpB_meptusZZ7WZWS9K_qgTfdzLs_r4f4dDKkN39oTgDOVkTIideSM8QgMWIIERghJMkDHVoqXWuicnRNnIRHWGpjU-wO78jd1:1og2CE:CrT_eli9fJ3_mdolhptjeN99XDmqJF1UPfgrY8RZWXw','2022-10-19 11:04:14.263827');
INSERT INTO django_session VALUES('8ezxvlmvb4yei1jv7etnavv0wfoetm4e','.eJxVjDEOwjAMRe-SGUWy6zYOIztniJw4JQWUSk07Ie4OlTrA-t97_2WCbGsJW8tLmNScTWdOv1uU9Mh1B3qXepttmuu6TNHuij1os9dZ8_NyuH8HRVr51n6IiYVFFb040IRE6Ik67hEyMoBXx5KHUYS4d-hh5BgxA6mQU_P-ANszN68:1ogaen:va01NlnyGb1UchOyRPwGX_0pB-cK07N35O9z7RD1RME','2022-10-20 23:52:01.858274');
INSERT INTO django_session VALUES('rds4u65bw7q05106ynjwz765k09ii9dt','e30:1okN7I:6jjKlUvjf6Nuwh-K-vpgHd4izifq8cT3bkxYlrwr-aA','2022-10-31 10:13:04.530355');
INSERT INTO django_session VALUES('4faenmyfgldikr4bgvkslv9qwzheetyr','.eJxVjEEOwiAQRe_C2hBgBqe4dN8zEGYAWzVtUtqV8e7apAvd_vfef6mYtnWIWytLHLO6KKtOvxsneZRpB_meptusZZ7WZWS9K_qgTfdzLs_r4f4dDKkN39oTgDOVkTIideSM8QgMWIIERghJMkDHVoqXWuicnRNnIRHWGpjU-wO78jd1:1okOVO:O_amJnFRhDUW4Qc1eExp1QMj6O_IiqC3ifRO2w0L-PM','2022-10-31 11:42:02.289726');
INSERT INTO django_session VALUES('altfic4l4omoqkjfij8djs386jdq2bnr','e30:1okYgJ:OCV2rtT396AAlTkSdEtwrjKSab29Xmu0X8rUPJ1-3vs','2022-10-31 22:33:59.102607');
INSERT INTO django_session VALUES('jrid769i8fr8dt6se64yo5x02x86bd9f','e30:1okYgc:iJB4UhHj10IE6HdBLAY1ZfbW-7m3jwP2DFntv0cLKJs','2022-10-31 22:34:18.055587');
INSERT INTO django_session VALUES('csgbw9vt9furuxikpd8wf77623lsyst8','.eJxVjEEOwiAQRe_C2hBgBqe4dN8zEGYAWzVtUtqV8e7apAvd_vfef6mYtnWIWytLHLO6KKtOvxsneZRpB_meptusZZ7WZWS9K_qgTfdzLs_r4f4dDKkN39oTgDOVkTIideSM8QgMWIIERghJMkDHVoqXWuicnRNnIRHWGpjU-wO78jd1:1okYi3:kI6ciO5TZN12P-Hmxc8igJWW4oY63qlWDhU5q2CCExk','2022-10-31 22:35:47.205873');
INSERT INTO django_session VALUES('3xka4of26rmoylugfotlabmrz07k0r5j','.eJxVjEEOwiAQRe_C2hBgBqe4dN8zEGYAWzVtUtqV8e7apAvd_vfef6mYtnWIWytLHLO6KKtOvxsneZRpB_meptusZZ7WZWS9K_qgTfdzLs_r4f4dDKkN39oTgDOVkTIideSM8QgMWIIERghJMkDHVoqXWuicnRNnIRHWGpjU-wO78jd1:1okYjc:LHqJPcfuNrAVA84fUVDV8pu65sL4UK9KBw5KHH8RZcw','2022-10-31 22:37:24.466860');
INSERT INTO django_session VALUES('btodmx15vw1kx7gvobjbr3azic0yk9ct','e30:1okYmA:-9FT-I0jDh2cHIQSBV-VpBUIleesBQ4yrrs_6KAfN1Y','2022-10-31 22:40:02.868754');
INSERT INTO django_session VALUES('6f0nec249ankuph9kynwlgdn2g79yg2z','.eJxVjEEOwiAQRe_C2hBgBqe4dN8zEGYAWzVtUtqV8e7apAvd_vfef6mYtnWIWytLHLO6KKtOvxsneZRpB_meptusZZ7WZWS9K_qgTfdzLs_r4f4dDKkN39oTgDOVkTIideSM8QgMWIIERghJMkDHVoqXWuicnRNnIRHWGpjU-wO78jd1:1okYpE:2WzhxYV5L-FNSbCHqSV2Qn8P4S9b-nN5r_KQ3gX-D7E','2022-10-31 22:43:12.972439');
INSERT INTO django_session VALUES('241c8gg6o43wxczym534y5hp1l4a5eha','.eJxVjEEOwiAQRe_C2hBgBqe4dN8zEGYAWzVtUtqV8e7apAvd_vfef6mYtnWIWytLHLO6KKtOvxsneZRpB_meptusZZ7WZWS9K_qgTfdzLs_r4f4dDKkN39oTgDOVkTIideSM8QgMWIIERghJMkDHVoqXWuicnRNnIRHWGpjU-wO78jd1:1okYpl:kuii3zQXHjwLKnvLAf_LiPnBK8KxHng4MclzAHQOMq4','2022-10-31 22:43:45.122161');
INSERT INTO django_session VALUES('5mjwghfozuaavj4cvklppd7znvl1otzp','.eJxVjEEOwiAQRe_C2hBgBqe4dN8zEGYAWzVtUtqV8e7apAvd_vfef6mYtnWIWytLHLO6KKtOvxsneZRpB_meptusZZ7WZWS9K_qgTfdzLs_r4f4dDKkN39oTgDOVkTIideSM8QgMWIIERghJMkDHVoqXWuicnRNnIRHWGpjU-wO78jd1:1okYsS:Q4rfVMSwDHQtuf2_rkoaQcxPRLzEaTFL9fXwltaGFys','2022-10-31 22:46:32.999440');
INSERT INTO django_session VALUES('z6tm266cn0rpqoxm8tpyblwa0r6m2cyu','.eJxVjEEOwiAQRe_C2hBgBqe4dN8zEGYAWzVtUtqV8e7apAvd_vfef6mYtnWIWytLHLO6KKtOvxsneZRpB_meptusZZ7WZWS9K_qgTfdzLs_r4f4dDKkN39oTgDOVkTIideSM8QgMWIIERghJMkDHVoqXWuicnRNnIRHWGpjU-wO78jd1:1okYvd:0-iuMx-aA67-mCPRTZzT_YSxVQ0ibwfZCKIJK4RFE7U','2022-10-31 22:49:49.566812');
INSERT INTO django_session VALUES('crt927sla5bak4b089pnuluznges320r','.eJxVjEEOwiAQRe_C2hBgBqe4dN8zEGYAWzVtUtqV8e7apAvd_vfef6mYtnWIWytLHLO6KKtOvxsneZRpB_meptusZZ7WZWS9K_qgTfdzLs_r4f4dDKkN39oTgDOVkTIideSM8QgMWIIERghJMkDHVoqXWuicnRNnIRHWGpjU-wO78jd1:1okhKT:TvGYppZX_93LWQBECSmEs0urGze17I_2-XWAZtMzywI','2022-11-01 07:48:01.950702');
INSERT INTO django_session VALUES('h87l5n2pvr6lbmppbfop674arxymzs22','.eJxVjEEOwiAQRe_C2hBgBqe4dN8zEGYAWzVtUtqV8e7apAvd_vfef6mYtnWIWytLHLO6KKtOvxsneZRpB_meptusZZ7WZWS9K_qgTfdzLs_r4f4dDKkN39oTgDOVkTIideSM8QgMWIIERghJMkDHVoqXWuicnRNnIRHWGpjU-wO78jd1:1ol3Qg:Mqig-bDy2JatC-uiYpM6VtlcTunsyacPXz3pksJo9B4','2022-11-02 07:23:54.582283');
INSERT INTO django_session VALUES('pxetdi0dbqll19qnwaj4v8atie3tc8fd','.eJxVjEEOwiAQRe_C2hBgBqe4dN8zEGYAWzVtUtqV8e7apAvd_vfef6mYtnWIWytLHLO6KKtOvxsneZRpB_meptusZZ7WZWS9K_qgTfdzLs_r4f4dDKkN39oTgDOVkTIideSM8QgMWIIERghJMkDHVoqXWuicnRNnIRHWGpjU-wO78jd1:1olE1L:NIzTjCDxA_xE-Pr_YOB4Fe9xlmgFcSPw8AZppF3VDFw','2022-11-02 18:42:27.345667');
INSERT INTO django_session VALUES('8ebq2khcq5w0r6xh9hqfe9newsy9f58v','.eJxVjDsOwjAQBe_iGln-xoaSPmew1rtrHECOFCcV4u4QKQW0b2beSyTY1pq2zkuaSFyEEaffLQM-uO2A7tBus8S5rcuU5a7Ig3Y5zsTP6-H-HVTo9Vv7HIwiDMYbKMUSU46sz1EXHZXLBgYgawubSBY1scsuBFQ4lMLOoRfvD_vTOLs:1olEiL:QUb1-hPvmR8qZaTMfcYA5oGqFdm3y2KqMr8WimA0VeY','2022-11-02 19:26:53.215410');
INSERT INTO django_session VALUES('9nhu8kzlnugz6xaxnmx12zzfvoytqpxs','.eJxVjDEOwjAMRe-SGUWy6zYOIztniJw4JQWUSk07Ie4OlTrA-t97_2WCbGsJW8tLmNScTWdOv1uU9Mh1B3qXepttmuu6TNHuij1os9dZ8_NyuH8HRVr51n6IiYVFFb040IRE6Ik67hEyMoBXx5KHUYS4d-hh5BgxA6mQU_P-ANszN68:1olmLS:CZPofPTnIjybFkQbttGgwdUowZGT_V5gv3Oz6xSKqBg','2022-11-04 07:21:30.732475');
INSERT INTO django_session VALUES('7d2u25yfplyqb6te2ic38oq9vp5ap75w','.eJxVjEEOwiAQRe_C2hBgBqe4dN8zEGYAWzVtUtqV8e7apAvd_vfef6mYtnWIWytLHLO6KKtOvxsneZRpB_meptusZZ7WZWS9K_qgTfdzLs_r4f4dDKkN39oTgDOVkTIideSM8QgMWIIERghJMkDHVoqXWuicnRNnIRHWGpjU-wO78jd1:1ownJs:mL5lNKO0r4c_BcxK_wBQTP5-NMg-N6MVCaELQwBEe1Q','2022-12-04 16:37:24.418785');
INSERT INTO django_session VALUES('i0q2ul6yz9abhjh1s9b9ecxqo00fzkiz','.eJxVjEEOwiAQRe_C2hBgBqe4dN8zEGYAWzVtUtqV8e7apAvd_vfef6mYtnWIWytLHLO6KKtOvxsneZRpB_meptusZZ7WZWS9K_qgTfdzLs_r4f4dDKkN39oTgDOVkTIideSM8QgMWIIERghJMkDHVoqXWuicnRNnIRHWGpjU-wO78jd1:1pGGQ5:_-C7THHEUzJJ5opqad-hPKBN6EdTMukJGz78u7gWdl8','2023-01-27 09:32:17.438552');
INSERT INTO django_session VALUES('r118ajof8ut6xtfbu89u6wep0v2uqfqx','.eJxVjEEOwiAQRe_C2hBgBqe4dN8zEGYAWzVtUtqV8e7apAvd_vfef6mYtnWIWytLHLO6KKtOvxsneZRpB_meptusZZ7WZWS9K_qgTfdzLs_r4f4dDKkN39oTgDOVkTIideSM8QgMWIIERghJMkDHVoqXWuicnRNnIRHWGpjU-wO78jd1:1pGNRF:mxw99zT1_rGZWEOuvDkx29kPAeOGS7-zVLlPJryzOrE','2023-01-27 17:01:57.965137');
INSERT INTO django_session VALUES('jedbadamngbtqnxdqtdssy7weyua8vua','.eJxVjEEOwiAQRe_C2hBgBqe4dN8zEGYAWzVtUtqV8e7apAvd_vfef6mYtnWIWytLHLO6KKtOvxsneZRpB_meptusZZ7WZWS9K_qgTfdzLs_r4f4dDKkN39oTgDOVkTIideSM8QgMWIIERghJMkDHVoqXWuicnRNnIRHWGpjU-wO78jd1:1pvje8:sMJgmio9ejvPPXeVjNES6S4uB0tHBvwoc6vaKT5TYfA','2023-05-21 19:02:12.672936');
INSERT INTO django_session VALUES('6m2zp5r04nvgimx2hgtitz00es773te6','.eJxVjEEOwiAQRe_C2hBgBqe4dN8zEGYAWzVtUtqV8e7apAvd_vfef6mYtnWIWytLHLO6KKtOvxsneZRpB_meptusZZ7WZWS9K_qgTfdzLs_r4f4dDKkN39oTgDOVkTIideSM8QgMWIIERghJMkDHVoqXWuicnRNnIRHWGpjU-wO78jd1:1q7u1Z:Kr03sqAqyGQ1GlWQgYWJBZVKO67xY10AYY5x4hheHBU','2023-06-24 08:32:41.613450');
INSERT INTO django_session VALUES('zhfhx5mldohym6yq1fjiml7aw5yvjl1c','.eJxVjDEOwjAMRe-SGUWy6zYOIztniJw4JQWUSk07Ie4OlTrA-t97_2WCbGsJW8tLmNScTWdOv1uU9Mh1B3qXepttmuu6TNHuij1os9dZ8_NyuH8HRVr51n6IiYVFFb040IRE6Ik67hEyMoBXx5KHUYS4d-hh5BgxA6mQU_P-ANszN68:1q7uSk:mXrVcl8_ylncqtUTY0YqI61QObOmoylC0NbMV9Syla4','2023-06-24 09:00:46.164142');
INSERT INTO django_session VALUES('47chqzewhryygi9bjo3xa7l0eqnkxfqs','.eJxVjEEOwiAQRe_C2hBgBqe4dN8zEGYAWzVtUtqV8e7apAvd_vfef6mYtnWIWytLHLO6KKtOvxsneZRpB_meptusZZ7WZWS9K_qgTfdzLs_r4f4dDKkN39oTgDOVkTIideSM8QgMWIIERghJMkDHVoqXWuicnRNnIRHWGpjU-wO78jd1:1q7uhN:1iss19rqWBV0AFHzzVaA0X-ChyNwwjI_jZKEhv24xBs','2023-06-24 09:15:53.698157');
INSERT INTO django_session VALUES('kj1ddnfiq3ix31i1bp6zwv80c03uxcgs','.eJxVjDEOwjAMRe-SGUWy6zYOIztniJw4JQWUSk07Ie4OlTrA-t97_2WCbGsJW8tLmNScTWdOv1uU9Mh1B3qXepttmuu6TNHuij1os9dZ8_NyuH8HRVr51n6IiYVFFb040IRE6Ik67hEyMoBXx5KHUYS4d-hh5BgxA6mQU_P-ANszN68:1q7vog:bLcdZZfUW1an6fUeD2PhKcoAcZMWRksRmtWMptRT_Dg','2023-06-24 10:27:30.154734');
INSERT INTO django_session VALUES('bfhgt7ietfallo9p8zugtg2r7rducpvl','.eJxVjDEOwjAMRe-SGUWy6zYOIztniJw4JQWUSk07Ie4OlTrA-t97_2WCbGsJW8tLmNScTWdOv1uU9Mh1B3qXepttmuu6TNHuij1os9dZ8_NyuH8HRVr51n6IiYVFFb040IRE6Ik67hEyMoBXx5KHUYS4d-hh5BgxA6mQU_P-ANszN68:1q7vuE:rX_F3je4xpDY3Vs99FHfkxfEP8Ro9NPaSPIc-EAHz0U','2023-06-24 10:33:14.000435');
INSERT INTO django_session VALUES('z4pidnte9j2amq0lj600ar4o5rvrg77w','.eJxVjDEOwjAMRe-SGUWy6zYOIztniJw4JQWUSk07Ie4OlTrA-t97_2WCbGsJW8tLmNScTWdOv1uU9Mh1B3qXepttmuu6TNHuij1os9dZ8_NyuH8HRVr51n6IiYVFFb040IRE6Ik67hEyMoBXx5KHUYS4d-hh5BgxA6mQU_P-ANszN68:1q7vwO:AElbUj9mIb0oXVOLokclpQiu4ZFzYMt3zyDo0_0MIFk','2023-06-24 10:35:28.013491');
INSERT INTO django_session VALUES('qyrarzaaxjqid7kg5doko1aezy9y8br4','.eJxVjDEOwjAMRe-SGUWy6zYOIztniJw4JQWUSk07Ie4OlTrA-t97_2WCbGsJW8tLmNScTWdOv1uU9Mh1B3qXepttmuu6TNHuij1os9dZ8_NyuH8HRVr51n6IiYVFFb040IRE6Ik67hEyMoBXx5KHUYS4d-hh5BgxA6mQU_P-ANszN68:1q7vwO:AElbUj9mIb0oXVOLokclpQiu4ZFzYMt3zyDo0_0MIFk','2023-06-24 10:35:28.966243');
INSERT INTO django_session VALUES('p20bugokwcs9z1tgd98g3ikxdjvqre16','.eJxVjDEOwjAMRe-SGUWy6zYOIztniJw4JQWUSk07Ie4OlTrA-t97_2WCbGsJW8tLmNScTWdOv1uU9Mh1B3qXepttmuu6TNHuij1os9dZ8_NyuH8HRVr51n6IiYVFFb040IRE6Ik67hEyMoBXx5KHUYS4d-hh5BgxA6mQU_P-ANszN68:1q7vzp:QaY-pk4s5TsxgKKuiiQ24K1LxgpGKi4yv-xQAMZER1U','2023-06-24 10:39:01.014278');
INSERT INTO django_session VALUES('jac1nxbnk3ji69hq9rqz8bsp0i511fcs','e30:1q7w3s:IY2R0UP4HhzChuYl1UhzGkNhjoMQFYYqulChFNF4LBI','2023-06-24 10:43:12.614744');
INSERT INTO django_session VALUES('vd2weu8o3e2iaydkz2bhi2y201q0ornk','.eJxVjDEOwjAMRe-SGUWy6zYOIztniJw4JQWUSk07Ie4OlTrA-t97_2WCbGsJW8tLmNScTWdOv1uU9Mh1B3qXepttmuu6TNHuij1os9dZ8_NyuH8HRVr51n6IiYVFFb040IRE6Ik67hEyMoBXx5KHUYS4d-hh5BgxA6mQU_P-ANszN68:1q7w4t:cqIIApzL5Gzemkf2MTjgOA9dnHLVhyNZLrFaIX1QNrM','2023-06-24 10:44:15.278042');
INSERT INTO django_session VALUES('d7qrtlnarbaegpkxzh999lyrc48hjkis','.eJxVjDEOwjAMRe-SGUWy6zYOIztniJw4JQWUSk07Ie4OlTrA-t97_2WCbGsJW8tLmNScTWdOv1uU9Mh1B3qXepttmuu6TNHuij1os9dZ8_NyuH8HRVr51n6IiYVFFb040IRE6Ik67hEyMoBXx5KHUYS4d-hh5BgxA6mQU_P-ANszN68:1q7w5A:yM2RjSckLsLJ5Nayo0EHqhCtc6as4kk1Xu2OTXCOxoc','2023-06-24 10:44:32.648399');
INSERT INTO django_session VALUES('hygyt4koeg4d8qtzy8uamchw3pc5xhuq','.eJxVjDEOwjAMRe-SGUWy6zYOIztniJw4JQWUSk07Ie4OlTrA-t97_2WCbGsJW8tLmNScTWdOv1uU9Mh1B3qXepttmuu6TNHuij1os9dZ8_NyuH8HRVr51n6IiYVFFb040IRE6Ik67hEyMoBXx5KHUYS4d-hh5BgxA6mQU_P-ANszN68:1q7wRx:Xz8oM5fS61Y5LIOPNbe02TXJ90z3DS3E_kE-MZnKgoo','2023-06-24 11:08:05.488375');
INSERT INTO django_session VALUES('wkn0bzzgm1c26b8eqdzb44z6fsibf4gf','.eJxVjDEOwjAMRe-SGUWy6zYOIztniJw4JQWUSk07Ie4OlTrA-t97_2WCbGsJW8tLmNScTWdOv1uU9Mh1B3qXepttmuu6TNHuij1os9dZ8_NyuH8HRVr51n6IiYVFFb040IRE6Ik67hEyMoBXx5KHUYS4d-hh5BgxA6mQU_P-ANszN68:1q7wXS:_6kA7JWTtccda3Dq9pywLXAXmWX8atx74dIIFNDxXYw','2023-06-24 11:13:46.202596');
INSERT INTO django_session VALUES('caqc2x6ey7rvmqazaaqnb8bfgtbjs9jg','e30:1q7wo0:Z6GBB4td57FYJB2n0mKTUL6kh7soT3URgKXJG2M1pAA','2023-06-24 11:30:52.554457');
INSERT INTO django_session VALUES('sc1onirb5aqt39ie9h6ke6fuz3a3emfw','.eJxVjDEOwjAMRe-SGUWy6zYOIztniJw4JQWUSk07Ie4OlTrA-t97_2WCbGsJW8tLmNScTWdOv1uU9Mh1B3qXepttmuu6TNHuij1os9dZ8_NyuH8HRVr51n6IiYVFFb040IRE6Ik67hEyMoBXx5KHUYS4d-hh5BgxA6mQU_P-ANszN68:1q7wsC:2r3uoXapXGNyVw609Es0mJWhE7Hx7My_LvVo_OZg0R8','2023-06-24 11:35:12.387641');
INSERT INTO django_session VALUES('mz047p33iqejt19fxs6gnecinrulz30a','e30:1q7wsS:0JSzhK7fttzMIvhTPWHYVJi90GyfLUeg02Z7wuW-Xfc','2023-06-24 11:35:28.663633');
INSERT INTO django_session VALUES('t0bwbclpae6bhnci4erkrx93f0pyzea1','.eJxVjDEOwjAMRe-SGUWy6zYOIztniJw4JQWUSk07Ie4OlTrA-t97_2WCbGsJW8tLmNScTWdOv1uU9Mh1B3qXepttmuu6TNHuij1os9dZ8_NyuH8HRVr51n6IiYVFFb040IRE6Ik67hEyMoBXx5KHUYS4d-hh5BgxA6mQU_P-ANszN68:1q7wts:I9BeAWXVnEywZL_5J5QbKAQsToo8x4tspO_UTVkN1S4','2023-06-24 11:36:56.390745');
INSERT INTO django_session VALUES('pr37mf8hbbfic24iw889tkc06y0bnx6a','.eJxVjDEOwjAMRe-SGUWy6zYOIztniJw4JQWUSk07Ie4OlTrA-t97_2WCbGsJW8tLmNScTWdOv1uU9Mh1B3qXepttmuu6TNHuij1os9dZ8_NyuH8HRVr51n6IiYVFFb040IRE6Ik67hEyMoBXx5KHUYS4d-hh5BgxA6mQU_P-ANszN68:1q7wu4:hcB6HnKtsEAMrSbCtWYVbAuTlf9YbRBGuC9Oud2DD9c','2023-06-24 11:37:08.401509');
INSERT INTO django_session VALUES('w9j9m7rbrbgxmdgyn1v1djfxir3a7cbe','.eJxVjDEOwjAMRe-SGUWy6zYOIztniJw4JQWUSk07Ie4OlTrA-t97_2WCbGsJW8tLmNScTWdOv1uU9Mh1B3qXepttmuu6TNHuij1os9dZ8_NyuH8HRVr51n6IiYVFFb040IRE6Ik67hEyMoBXx5KHUYS4d-hh5BgxA6mQU_P-ANszN68:1q7x1X:yh9ezr1tQnTeA90ZOVEkqOHRwXtfRlR_Bl45mLUJO6s','2023-06-24 11:44:51.891013');
INSERT INTO django_session VALUES('x2fg39xbvs11plumu7t86ou8nnubuy7s','e30:1q7yjA:jXlyNUqPoUJeQwzpKZA78A0R2Bv6WZ1vqCPAYagdKRk','2023-06-24 13:34:00.145524');
INSERT INTO django_session VALUES('rs5w7tkvx0z2s9h3nftsar0xvfuekoxo','.eJxVjDEOwjAMRe-SGUWy6zYOIztniJw4JQWUSk07Ie4OlTrA-t97_2WCbGsJW8tLmNScTWdOv1uU9Mh1B3qXepttmuu6TNHuij1os9dZ8_NyuH8HRVr51n6IiYVFFb040IRE6Ik67hEyMoBXx5KHUYS4d-hh5BgxA6mQU_P-ANszN68:1q7ykW:M5Po1CobwHrxffJxF63GYN-XEWdSdJv7Bhe7edLgz9I','2023-06-24 13:35:24.264346');
INSERT INTO django_session VALUES('jc6gezh14msqkv9dgvpt8srwhvqob16e','e30:1q7z5J:SPq8xSfa73wEyuk5m33SwQcv-htSBRcvw3LAa3fEkCA','2023-06-24 13:56:53.273145');
INSERT INTO django_session VALUES('c8l5ndddbrbvrgppjgs0orfg2k4exjf9','.eJxVjEEOwiAQRe_C2hBgBqe4dN8zEGYAWzVtUtqV8e7apAvd_vfef6mYtnWIWytLHLO6KKtOvxsneZRpB_meptusZZ7WZWS9K_qgTfdzLs_r4f4dDKkN39oTgDOVkTIideSM8QgMWIIERghJMkDHVoqXWuicnRNnIRHWGpjU-wO78jd1:1q7z5W:zFRo20yQf1bB3CbzLM3A0c1pJhP1OnUFrp4USfu5qJA','2023-06-24 13:57:06.742459');
INSERT INTO django_session VALUES('ihbp0ask0x0xsk88fcyuhsgucpquz2c3','.eJxVjDEOwjAMRe-SGUWy6zYOIztniJw4JQWUSk07Ie4OlTrA-t97_2WCbGsJW8tLmNScTWdOv1uU9Mh1B3qXepttmuu6TNHuij1os9dZ8_NyuH8HRVr51n6IiYVFFb040IRE6Ik67hEyMoBXx5KHUYS4d-hh5BgxA6mQU_P-ANszN68:1q80gU:CEax3vo24bTIDYAEXJ9-avrEqLWvVl__0NM5gm7z4bk','2023-06-24 15:39:22.867039');
INSERT INTO django_session VALUES('gxye63ympf33jxksff1nroyif0w88e6q','.eJxVjDEOwjAMRe-SGUWy6zYOIztniJw4JQWUSk07Ie4OlTrA-t97_2WCbGsJW8tLmNScTWdOv1uU9Mh1B3qXepttmuu6TNHuij1os9dZ8_NyuH8HRVr51n6IiYVFFb040IRE6Ik67hEyMoBXx5KHUYS4d-hh5BgxA6mQU_P-ANszN68:1q81SP:tm7Cby2hrevEnZrZshmS-Cn4IEsMx6Nl1NNs0XHjekA','2023-06-24 16:28:53.871263');
INSERT INTO django_session VALUES('5c3sxinxh3t3ip4rytkukhr15ijc20rl','.eJxVjDEOwjAMRe-SGUWy6zYOIztniJw4JQWUSk07Ie4OlTrA-t97_2WCbGsJW8tLmNScTWdOv1uU9Mh1B3qXepttmuu6TNHuij1os9dZ8_NyuH8HRVr51n6IiYVFFb040IRE6Ik67hEyMoBXx5KHUYS4d-hh5BgxA6mQU_P-ANszN68:1q82pg:qe7ZEnGlLBjAjwpel8gIlzdIv3JNiYkfwq4zl7ENrS8','2023-06-24 17:57:00.950455');
INSERT INTO django_session VALUES('bhj2fj4vody0e9q4y8o691dl5eiy42s0','.eJxVjDEOwjAMRe-SGUWy6zYOIztniJw4JQWUSk07Ie4OlTrA-t97_2WCbGsJW8tLmNScTWdOv1uU9Mh1B3qXepttmuu6TNHuij1os9dZ8_NyuH8HRVr51n6IiYVFFb040IRE6Ik67hEyMoBXx5KHUYS4d-hh5BgxA6mQU_P-ANszN68:1q841n:lEYJKxe6KYaG3Vq1LsHfx1rjU0kbtv1jlLc2ytGZ9MI','2023-06-24 19:13:35.522984');
INSERT INTO django_session VALUES('e83vs1h0a07p9qhs76ruths0rzahk77s','e30:1q87E9:8knbI0K0XoXtcTqDK3mwlv-kWZ2FRPbhABptpSYlwII','2023-06-24 22:38:33.844162');
INSERT INTO django_session VALUES('nho7fqifwcnvlwsje5jt4vyukz94fb2q','e30:1q8Ex7:sc62jOLShD_AzA_XBDCDFFOaq_l-27_R_4u11xLC56w','2023-06-25 06:53:29.200836');
INSERT INTO django_session VALUES('r7xtf379d65vlea9cpdne0iiqzlta9lw','.eJxVjEEOwiAQRe_C2hBgBqe4dN8zEGYAWzVtUtqV8e7apAvd_vfef6mYtnWIWytLHLO6KKtOvxsneZRpB_meptusZZ7WZWS9K_qgTfdzLs_r4f4dDKkN39oTgDOVkTIideSM8QgMWIIERghJMkDHVoqXWuicnRNnIRHWGpjU-wO78jd1:1q8PUm:zI3412mY7QUpY1RXIlnQ4qk4GsLw5mjOZiUby3KLsps','2023-06-25 18:08:56.893679');
INSERT INTO django_session VALUES('u2oizmfrp9rzi40yc5z9o5rteqbdu99h','.eJxVjDEOwjAMRe-SGUWy6zYOIztniJw4JQWUSk07Ie4OlTrA-t97_2WCbGsJW8tLmNScTWdOv1uU9Mh1B3qXepttmuu6TNHuij1os9dZ8_NyuH8HRVr51n6IiYVFFb040IRE6Ik67hEyMoBXx5KHUYS4d-hh5BgxA6mQU_P-ANszN68:1q8SrT:jpb_LTZVUCtQmrdacnyYPecy6XXyjtmet_YYMQTNtSs','2023-06-25 21:44:35.780691');
INSERT INTO django_session VALUES('ajwl6h8jqe6t6z16z3s5npvemlr9rbwx','.eJxVjDEOwjAMRe-SGUWy6zYOIztniJw4JQWUSk07Ie4OlTrA-t97_2WCbGsJW8tLmNScTWdOv1uU9Mh1B3qXepttmuu6TNHuij1os9dZ8_NyuH8HRVr51n6IiYVFFb040IRE6Ik67hEyMoBXx5KHUYS4d-hh5BgxA6mQU_P-ANszN68:1qA7yW:MGtSkBe2uKNLly5AZix4AhcgyYtSn7nauyoZEIc8nd0','2023-06-30 11:50:44.458061');
INSERT INTO django_session VALUES('2wqswa4s9jhl1rd61op52pyv44g0xpnt','.eJxVjEEOwiAQRe_C2hBgBqe4dN8zEGYAWzVtUtqV8e7apAvd_vfef6mYtnWIWytLHLO6KKtOvxsneZRpB_meptusZZ7WZWS9K_qgTfdzLs_r4f4dDKkN39oTgDOVkTIideSM8QgMWIIERghJMkDHVoqXWuicnRNnIRHWGpjU-wO78jd1:1qgNkm:2EFmjUupZ3lUJHzlEbkpaDpZlzew96wN6JMoOoc1toQ','2023-09-27 11:09:52.279365');
INSERT INTO django_session VALUES('4lzzxsh2rskn1b04zvc0ll9lp9cwpsys','.eJxVjEEOwiAQRe_C2hBgBqe4dN8zEGYAWzVtUtqV8e7apAvd_vfef6mYtnWIWytLHLO6KKtOvxsneZRpB_meptusZZ7WZWS9K_qgTfdzLs_r4f4dDKkN39oTgDOVkTIideSM8QgMWIIERghJMkDHVoqXWuicnRNnIRHWGpjU-wO78jd1:1qmF6H:0siKfRPjKePb3Fe-U7cdgOZAC5xRCTaBm1LC6qeqhb4','2023-10-13 15:08:17.646912');
INSERT INTO django_session VALUES('90eq74toay5f762sqxpai60oz6rb9jiw','.eJxVjEEOwiAQRe_C2hBgBqe4dN8zEGYAWzVtUtqV8e7apAvd_vfef6mYtnWIWytLHLO6KKtOvxsneZRpB_meptusZZ7WZWS9K_qgTfdzLs_r4f4dDKkN39oTgDOVkTIideSM8QgMWIIERghJMkDHVoqXWuicnRNnIRHWGpjU-wO78jd1:1r26i3:3tAxls7MhCPlElT6X5yBvdMcs5gJP_8c42b3-KO_YXE','2023-11-26 09:24:51.065510');
INSERT INTO django_session VALUES('c9smrr3ohnmhn5md1cmu2qrvpq47u89t','.eJxVjEEOwiAQRe_C2hBgBqe4dN8zEGYAWzVtUtqV8e7apAvd_vfef6mYtnWIWytLHLO6KKtOvxsneZRpB_meptusZZ7WZWS9K_qgTfdzLs_r4f4dDKkN39oTgDOVkTIideSM8QgMWIIERghJMkDHVoqXWuicnRNnIRHWGpjU-wO78jd1:1r8QCC:G7Kp9nDiu-fsIZm8XCzogdjpbCOwG2UU98RpoJv9kYk','2023-12-13 19:26:04.059165');
INSERT INTO django_session VALUES('41aj6bhp3tz6jhwzannu12a97ybrj0ea','.eJxVjEEOwiAQRe_C2hBgBqe4dN8zEGYAWzVtUtqV8e7apAvd_vfef6mYtnWIWytLHLO6KKtOvxsneZRpB_meptusZZ7WZWS9K_qgTfdzLs_r4f4dDKkN39oTgDOVkTIideSM8QgMWIIERghJMkDHVoqXWuicnRNnIRHWGpjU-wO78jd1:1r8lKB:QB_wbHHJnNiHcgMLwCMiaaed2J3HxbzMpQp-lTGiIsU','2023-12-14 17:59:43.334256');
INSERT INTO django_session VALUES('aor0y5zh7oj77fibc5rqay22jsbdngc2','e30:1rCm5M:FLR2l6SHiCNtqqbQ5Ol1ePe7j9fE5oR8861a1oP5yqc','2023-12-25 19:37:00.378973');
INSERT INTO django_session VALUES('ik6i33tuq1o533u6dvj41yviahr5456c','.eJxVjDkOwjAUBe_iGlk4jhco6TmD9TfjALKlOKkQd4dIKaB9M_NeKsG6lLR2mdPE6qysOvxuCPSQugG-Q701Ta0u84R6U_ROu742ludld_8OCvTyraOhkFHE09GJGDGOQsgyhgyOIfrsrfFR_GgYkME65OycHQbMQicK6v0BEcQ5MA:1rCm5b:c9DcbeEWJ6rNkZCZfSsBJ5qWopVtgxirV2EqOpY7aeo','2023-12-25 19:37:15.626655');
INSERT INTO django_session VALUES('na3fqs8l07bz03amt8jwylektz03h1b2','.eJxVjEEOwiAQRe_C2hBgBqe4dN8zEGYAWzVtUtqV8e7apAvd_vfef6mYtnWIWytLHLO6KKtOvxsneZRpB_meptusZZ7WZWS9K_qgTfdzLs_r4f4dDKkN39oTgDOVkTIideSM8QgMWIIERghJMkDHVoqXWuicnRNnIRHWGpjU-wO78jd1:1rEXet:hM0QxFEbp3gEZXa1EX2omp23JQk-4SYFDlVxMJ4YN24','2023-12-30 16:36:59.470250');
INSERT INTO django_session VALUES('sn3k9callimnpe5f5vldukrrnxscjzcs','.eJxVjEEOwiAQRe_C2hBgBqe4dN8zEGYAWzVtUtqV8e7apAvd_vfef6mYtnWIWytLHLO6KKtOvxsneZRpB_meptusZZ7WZWS9K_qgTfdzLs_r4f4dDKkN39oTgDOVkTIideSM8QgMWIIERghJMkDHVoqXWuicnRNnIRHWGpjU-wO78jd1:1rEXg8:G6xjwSILjZ7-jTKCY75UjMAXQ9eHRomQCeqFYkbwPVI','2023-12-30 16:38:16.736973');
INSERT INTO django_session VALUES('g19rr5igmn9pjmqtk3tdwo41pj92uqy8','e30:1rH8gv:yr90bKbJU-Dw8FWzdxF1RQicAbFQqXJQus8QLvtR-6k','2024-01-06 20:33:49.604853');
INSERT INTO django_session VALUES('idhsa8iz9cy2v3qgjmi4yv9v8t07lf39','.eJxVjMsOwiAQRf-FtSE8CjIu3fcbmpkBpGogKe3K-O_apAvd3nPOfYkJt7VMW0_LNEdxEVqcfjdCfqS6g3jHemuSW12XmeSuyIN2ObaYntfD_Tso2Mu3RmAc2FD0FFgr5WCIBKACE2XU2TrnTD6bEMGAtmQD5YBoPWd2XrF4fwD40jhe:1rc3DP:P_Qch0Nqxb9iW_1wJlNBp5r_DTcaaUTi7aWIxBMxSRU','2024-03-04 12:57:47.825024');
INSERT INTO django_session VALUES('havogrrir3bdxfhflhqwf701688yt7wz','.eJxVjMsOwiAQRf-FtSE8CjIu3fcbmpkBpGogKe3K-O_apAvd3nPOfYkJt7VMW0_LNEdxEVqcfjdCfqS6g3jHemuSW12XmeSuyIN2ObaYntfD_Tso2Mu3RmAc2FD0FFgr5WCIBKACE2XU2TrnTD6bEMGAtmQD5YBoPWd2XrF4fwD40jhe:1rc8xQ:Z1SQZTEKVvGOVHz30oJLyJOBq58h6V4P224RkroI2sc','2024-03-04 19:05:40.051191');
INSERT INTO django_session VALUES('pydh4d46vxvtwo8zx9degntdwrmpyiv6','.eJxVjDkOwjAUBe_iGlk4jhco6TmD9TfjALKlOKkQd4dIKaB9M_NeKsG6lLR2mdPE6qysOvxuCPSQugG-Q701Ta0u84R6U_ROu742ludld_8OCvTyraOhkFHE09GJGDGOQsgyhgyOIfrsrfFR_GgYkME65OycHQbMQicK6v0BEcQ5MA:1rcwTh:0KLk8yyQ-uEIacXIampXlNML5Cm-CG8RGM_B1jgtmYs','2024-03-06 23:58:17.226276');
CREATE TABLE IF NOT EXISTS "inicio_proyecto" ("id" integer NOT NULL PRIMARY KEY AUTOINCREMENT, "nombre" varchar(30) NOT NULL, "descripcion" text NOT NULL, "logo" varchar(100) NOT NULL);
INSERT INTO inicio_proyecto VALUES(1,'Club Infantil Barrio','Lo realizamos en el Colegio Bachiller Alonso López en Alcobendas. En este proyecto a través de una metodología participativa realizamos un proyecto educativo basado en la educación no formal. Nuestro proyecto está destinado a niños/as de 4-12 años. El horario de la actividad es los viernes de 18:00 a 19:30 (puede variar en función del tipo de actividad).','static/resources/logos/Logo_Yambo2.png.webp');
INSERT INTO inicio_proyecto VALUES(2,'Club Juvenil Jamboloko','Lo realizamos en el Centro Cultural Miguel Delibes de Alcobendas. En este proyecto a través de una metodología participativa realizamos un proyecto educativo basado en la educación no formal. Está dirigido a adolescentes de edades comprendidas entre 13 y 18 años. El horario de la actividad es de 18:00 a 19:30 (puede variar en función de la actividad)','static/resources/logos/JamboLoco_logo_de_frente_preview_rev_1.png.webp');
CREATE TABLE IF NOT EXISTS "monitores_monitor_grupos" ("id" integer NOT NULL PRIMARY KEY AUTOINCREMENT, "monitor_id" bigint NOT NULL REFERENCES "monitores_monitor" ("id") DEFERRABLE INITIALLY DEFERRED, "grupo_id" bigint NOT NULL REFERENCES "monitores_grupo" ("id") DEFERRABLE INITIALLY DEFERRED);
INSERT INTO monitores_monitor_grupos VALUES(5,5,1);
INSERT INTO monitores_monitor_grupos VALUES(8,8,2);
INSERT INTO monitores_monitor_grupos VALUES(11,11,3);
INSERT INTO monitores_monitor_grupos VALUES(14,14,4);
INSERT INTO monitores_monitor_grupos VALUES(17,16,4);
INSERT INTO monitores_monitor_grupos VALUES(18,7,1);
INSERT INTO monitores_monitor_grupos VALUES(19,9,5);
INSERT INTO monitores_monitor_grupos VALUES(20,17,3);
INSERT INTO monitores_monitor_grupos VALUES(21,18,3);
INSERT INTO monitores_monitor_grupos VALUES(22,19,2);
CREATE TABLE IF NOT EXISTS "monitores_monitor" ("id" integer NOT NULL PRIMARY KEY AUTOINCREMENT, "nombre" varchar(30) NOT NULL, "description" text NOT NULL, "img" varchar(200) NULL);
INSERT INTO monitores_monitor VALUES(5,'Paula',replace(replace('Hola soy Paula!!!\r\nEstudio para llegar a ser profe🧑‍🏫, porque me encantan los niños, especialmente los yamberos.\r\nMe gustan muchísiiiimoo los abrazos, hacer cosquillas y reír mucho🙃, además mi parte favorita de los viernes es cuando cantamos todos juntos alguna canción🎶.\r\nEntré en yambo hace poquito y estoy súper contenta de haber entrado.','\r',char(13)),'\n',char(10)),'fotos_monitores/paula.jpg');
INSERT INTO monitores_monitor VALUES(7,'Lukas',replace(replace('Estudiante de artes🎨, me uní a Yambo porque quería hacer algo nuevo y al final me acabo gustando💚, este es mi primer año de monitor :b\r\nPues porque me llevaba tiempo queriendo hacer algún trabajo como niñero o monitor y está fue una oportunidad perfecta para ello 🤭🤭','\r',char(13)),'\n',char(10)),'fotos_monitores/lukas.jpg');
INSERT INTO monitores_monitor VALUES(8,'Irene',replace(replace('Holaa me llamo Irene !\r\nSoy Técnico en emergencias sanitarias🚑 actualmente estoy estudiando integración social.♿En un futuro me gustaria estudiar enfermería !💉💊\r\nFui niña de yambo y no me quería ir así que me quedé como moni y cada día estoy más contenta de haberme quedado como moni🙃','\r',char(13)),'\n',char(10)),'fotos_monitores/irene.jpg');
INSERT INTO monitores_monitor VALUES(9,'Samu',replace(replace('Un niño de 22 años , Amante de los animales❤️ (sobretodo los pandas)🐼.\r\nCuarto año en Yambo con muchas ganas de volver a las actividades 💪y jugar a todos los juegos posibles🤹. Súper fanático del verano🌅 y de las épocas calurosas🌡️ para bajar al parque a jugar a las cartas🎴 o juegos de mesa🎲','\r',char(13)),'\n',char(10)),'fotos_monitores/samu.jpg');
INSERT INTO monitores_monitor VALUES(11,'Carlota','Soy estudiante de enfermería , me considera sincera y cercana , llevo varios años en diferentes asocias y este año entro a yambo con toda mi energía y motivación , soy espérate en sacar sonrisas 💚','fotos_monitores/carlota.jpg');
INSERT INTO monitores_monitor VALUES(14,'Mini campi',replace(replace('Musicólogo y Técnico de sonido para audiovisuales y espectáculos. Amante de la música, el arte, la historia, la política, los animales y el campo.\r\n\r\nLleva casi 8 años (en diciembre hago 9 años) en Yambo, actual Presidente de la Asociación, monitor de referencia del proyecto juvenil Jamboloko y próximo coordinador titulado.','\r',char(13)),'\n',char(10)),'fotos_monitores/campi.jpg');
INSERT INTO monitores_monitor VALUES(16,'Javier',replace(replace('Soy Javier, un informático👨‍💻 que está estudiando desarrollo de aplicaciones web🌐.\r\nEn 2018 entré como niño a Yambo, y ahora en 2022 decidí darle la vuelta a la carta 🃏y evolucionar a moni','\r',char(13)),'\n',char(10)),'fotos_monitores/javier.jpg');
INSERT INTO monitores_monitor VALUES(17,'Ekiñe',replace(replace('Estudio filología clásica 🎭 porque en el futuro me gustaría ser profesora 👩‍🏫 o dedicarme a la investigación 🔬. Entre en yambo para probar cosas nuevas y he descubierto que me encanta ser monii 🐘\r\n Espero estar mucho más tiempo  🕐y seguir pasándolo tan bien','\r',char(13)),'\n',char(10)),'fotos_monitores/e.jpg');
INSERT INTO monitores_monitor VALUES(18,'Lucía',replace(replace('Holaa, soy Lucía!!\r\n\r\nEstoy estudiando artes🎨, aunque me encantan la filosofía📜 y la psicología🧠, también me encanta el teatro🎭, las manualidades🧶, la música🎶, reír y hacer reír☺️\r\nFui niña de yambo los 9 años que estuve en el bachi y como ya sabéis…\r\nuna vez yambero, siempre yambero💚\r\nAsí que he vuelto como moni con un montón de ganas de pasarlo genial cada viernes con todos los nuevos yamberos y yamberass!!✨','\r',char(13)),'\n',char(10)),'fotos_monitores/IMG-20240219-WA0013.jpg');
INSERT INTO monitores_monitor VALUES(19,'Laura',replace(replace('Hola! Soy estudiante de Integración Social y quiero estudiar Psicología🧠\r\nEste es mi primer año de moni💪🏻 y aunque entré de forma inesperada estoy super feliz de ser yambera💚','\r',char(13)),'\n',char(10)),'fotos_monitores/IMG-20240219-WA0021.jpg');
CREATE TABLE IF NOT EXISTS "galeria_year" ("id" integer NOT NULL PRIMARY KEY AUTOINCREMENT, "nombre" varchar(30) NOT NULL);
INSERT INTO galeria_year VALUES(2,'2022-2023');
INSERT INTO galeria_year VALUES(3,'2023-2024');
CREATE TABLE IF NOT EXISTS "galeria_actividad" ("id" integer NOT NULL PRIMARY KEY AUTOINCREMENT, "dia" varchar(20) NOT NULL, "grupo_id" bigint NULL REFERENCES "galeria_grupo" ("id") DEFERRABLE INITIALLY DEFERRED);
INSERT INTO galeria_actividad VALUES(164,'15-12-2023',12);
CREATE TABLE galeria_grupo (id integer NOT NULL PRIMARY KEY AUTOINCREMENT, nombre varchar (30), year_id bigint REFERENCES galeria_year (id) DEFERRABLE INITIALLY DEFERRED);
INSERT INTO galeria_grupo VALUES(9,'peques',3);
INSERT INTO galeria_grupo VALUES(10,'medianos',3);
INSERT INTO galeria_grupo VALUES(11,'mayores',3);
INSERT INTO galeria_grupo VALUES(12,'jambo',3);
CREATE TABLE IF NOT EXISTS "monitores_grupo" ("id" integer NOT NULL PRIMARY KEY AUTOINCREMENT, "nombre" varchar(30) NOT NULL);
INSERT INTO monitores_grupo VALUES(1,'peques');
INSERT INTO monitores_grupo VALUES(2,'medianos');
INSERT INTO monitores_grupo VALUES(3,'mayores');
INSERT INTO monitores_grupo VALUES(4,'jambo');
INSERT INTO monitores_grupo VALUES(5,'coordinacion');
CREATE TABLE IF NOT EXISTS "documentos_documento_proyecto" ("id" integer NOT NULL PRIMARY KEY AUTOINCREMENT, "documento_id" bigint NOT NULL REFERENCES "documentos_documento" ("id") DEFERRABLE INITIALLY DEFERRED, "proyecto_id" bigint NOT NULL REFERENCES "inicio_proyecto" ("id") DEFERRABLE INITIALLY DEFERRED);
INSERT INTO documentos_documento_proyecto VALUES(3,2,1);
INSERT INTO documentos_documento_proyecto VALUES(4,3,2);
CREATE TABLE IF NOT EXISTS "documentos_documento" ("id" integer NOT NULL PRIMARY KEY AUTOINCREMENT, "nombre" varchar(30) NOT NULL, "documento" varchar(100) NOT NULL, "fecha" date NOT NULL);
INSERT INTO documentos_documento VALUES(2,'Jornada Puertas Abiertas','docs/2023/11/12/1.png','2023-11-12');
INSERT INTO documentos_documento VALUES(3,'Actividades Abiertas','docs/2023/11/12/2.png','2023-11-12');
CREATE TABLE IF NOT EXISTS "galeria_media"
(
    id           integer not null
        primary key autoincrement,
    media        varchar(200),
    path         varchar(200),
    actividad_id bigint
        references galeria_actividad
            deferrable initially deferred,
    is_video     INT default 0
);
INSERT INTO galeria_media VALUES(182,'1','1',164,0);
INSERT INTO galeria_media VALUES(183,'2','2',164,0);
INSERT INTO galeria_media VALUES(184,'3','3',164,0);
INSERT INTO galeria_media VALUES(185,'4','4',164,0);
INSERT INTO galeria_media VALUES(186,'5','5',164,0);
INSERT INTO galeria_media VALUES(187,'6','6',164,0);
DELETE FROM sqlite_sequence;
INSERT INTO sqlite_sequence VALUES('django_migrations',50);
INSERT INTO sqlite_sequence VALUES('django_admin_log',775);
INSERT INTO sqlite_sequence VALUES('django_content_type',21);
INSERT INTO sqlite_sequence VALUES('auth_permission',84);
INSERT INTO sqlite_sequence VALUES('auth_group',6);
INSERT INTO sqlite_sequence VALUES('auth_user',3);
INSERT INTO sqlite_sequence VALUES('inicio_proyecto',2);
INSERT INTO sqlite_sequence VALUES('monitores_monitor',19);
INSERT INTO sqlite_sequence VALUES('monitores_monitor_grupos',22);
INSERT INTO sqlite_sequence VALUES('galeria_year',3);
INSERT INTO sqlite_sequence VALUES('galeria_actividad',164);
INSERT INTO sqlite_sequence VALUES('auth_group_permissions',1);
INSERT INTO sqlite_sequence VALUES('auth_user_groups',6);
INSERT INTO sqlite_sequence VALUES('galeria_grupo',12);
INSERT INTO sqlite_sequence VALUES('monitores_grupo',5);
INSERT INTO sqlite_sequence VALUES('documentos_documento',3);
INSERT INTO sqlite_sequence VALUES('documentos_documento_proyecto',4);
INSERT INTO sqlite_sequence VALUES('galeria_media',187);
CREATE UNIQUE INDEX "auth_group_permissions_group_id_permission_id_0cd325b0_uniq" ON "auth_group_permissions" ("group_id", "permission_id");
CREATE INDEX "auth_group_permissions_group_id_b120cbf9" ON "auth_group_permissions" ("group_id");
CREATE INDEX "auth_group_permissions_permission_id_84c5c92e" ON "auth_group_permissions" ("permission_id");
CREATE UNIQUE INDEX "auth_user_groups_user_id_group_id_94350c0c_uniq" ON "auth_user_groups" ("user_id", "group_id");
CREATE INDEX "auth_user_groups_user_id_6a12ed8b" ON "auth_user_groups" ("user_id");
CREATE INDEX "auth_user_groups_group_id_97559544" ON "auth_user_groups" ("group_id");
CREATE UNIQUE INDEX "auth_user_user_permissions_user_id_permission_id_14a6b632_uniq" ON "auth_user_user_permissions" ("user_id", "permission_id");
CREATE INDEX "auth_user_user_permissions_user_id_a95ead1b" ON "auth_user_user_permissions" ("user_id");
CREATE INDEX "auth_user_user_permissions_permission_id_1fbb5f2c" ON "auth_user_user_permissions" ("permission_id");
CREATE INDEX "django_admin_log_content_type_id_c4bce8eb" ON "django_admin_log" ("content_type_id");
CREATE INDEX "django_admin_log_user_id_c564eba6" ON "django_admin_log" ("user_id");
CREATE UNIQUE INDEX "django_content_type_app_label_model_76bd3d3b_uniq" ON "django_content_type" ("app_label", "model");
CREATE UNIQUE INDEX "auth_permission_content_type_id_codename_01ab375a_uniq" ON "auth_permission" ("content_type_id", "codename");
CREATE INDEX "auth_permission_content_type_id_2f476e4b" ON "auth_permission" ("content_type_id");
CREATE INDEX "django_session_expire_date_a5c62663" ON "django_session" ("expire_date");
CREATE UNIQUE INDEX "monitores_monitor_grupos_monitor_id_grupo_id_fee851d6_uniq" ON "monitores_monitor_grupos" ("monitor_id", "grupo_id");
CREATE INDEX "monitores_monitor_grupos_monitor_id_f338e3c4" ON "monitores_monitor_grupos" ("monitor_id");
CREATE INDEX "monitores_monitor_grupos_grupo_id_12690e37" ON "monitores_monitor_grupos" ("grupo_id");
CREATE INDEX "galeria_actividad_grupo_id_54c30f54" ON "galeria_actividad" ("grupo_id");
CREATE INDEX galeria_grupo_año_id_432733f8 ON galeria_grupo (year_id);
CREATE UNIQUE INDEX "documentos_documento_proyecto_documento_id_proyecto_id_ada2f0e6_uniq" ON "documentos_documento_proyecto" ("documento_id", "proyecto_id");
CREATE INDEX "documentos_documento_proyecto_documento_id_ff629a67" ON "documentos_documento_proyecto" ("documento_id");
CREATE INDEX "documentos_documento_proyecto_proyecto_id_0c45f073" ON "documentos_documento_proyecto" ("proyecto_id");
COMMIT;
